,ErrCode,StartTime
0,E620002L,2017-02-01 09:28:08
1,E620002R,2017-02-01 09:30:06
2,E620002L,2017-02-01 09:31:50
3,E620002R,2017-02-01 09:32:47
4,E620003L,2017-02-01 23:41:51
5,E551010R,2017-02-01 23:43:24
6,E620002L,2017-02-02 00:21:11
7,E620002L,2017-02-02 00:23:12
8,E620002R,2017-02-02 00:24:10
9,E620002L,2017-02-02 00:37:44
10,E620002L,2017-02-02 00:40:34
11,E620002R,2017-02-02 00:49:29
12,E620002R,2017-02-02 00:51:47
13,E600003R,2017-02-02 01:37:24
15,E620003R,2017-02-02 01:37:25
14,E551010L,2017-02-02 01:37:25
16,E620002L,2017-02-02 06:47:54
17,E620002R,2017-02-02 06:48:01
18,E620002L,2017-02-02 06:50:41
19,E620002R,2017-02-02 16:29:57
20,E620002L,2017-02-02 16:30:04
21,E551010R,2017-02-02 21:13:13
22,E632104L,2017-02-02 21:13:13
23,E620002R,2017-02-02 22:14:59
24,E620002L,2017-02-02 22:56:26
25,E620002R,2017-02-02 22:57:08
26,E620002R,2017-02-02 23:21:12
27,E620003R,2017-02-02 23:54:25
28,E620002R,2017-02-03 00:02:45
29,E551506R,2017-02-03 07:18:22
30,E551010L,2017-02-03 07:18:59
31,E620002L,2017-02-03 08:13:48
32,E620002R,2017-02-03 08:13:50
33,E600003R,2017-02-03 16:56:19
34,E620003R,2017-02-03 16:56:19
35,E551010L,2017-02-03 16:57:37
36,E551506R,2017-02-03 17:55:47
37,E551010L,2017-02-03 17:55:57
38,E551010R,2017-02-04 04:23:49
39,E620003L,2017-02-04 04:23:49
40,E620002R,2017-02-04 09:00:14
41,E620002L,2017-02-04 09:00:19
42,E620002L,2017-02-06 07:31:53
43,E620002R,2017-02-06 07:32:18
44,E620002L,2017-02-06 07:34:05
45,E620002L,2017-02-06 07:36:15
46,E551506R,2017-02-06 17:13:13
47,E551010L,2017-02-06 17:13:40
48,E600003R,2017-02-07 01:57:51
49,E620003R,2017-02-07 01:57:51
50,E551010L,2017-02-07 01:59:25
51,E551010L,2017-02-07 02:35:42
52,E620003R,2017-02-07 02:35:42
53,E620002L,2017-02-07 09:31:16
54,E620002R,2017-02-07 09:31:16
55,E620002R,2017-02-07 09:33:23
56,E600003L,2017-02-07 10:43:09
57,E620003L,2017-02-07 10:43:09
58,E551010R,2017-02-07 15:44:22
59,E632102L,2017-02-07 15:44:22
61,E632436R,2017-02-07 15:45:10
60,E551010L,2017-02-07 15:45:10
62,E620002L,2017-02-07 15:45:41
63,E620002R,2017-02-07 15:47:33
64,E632103L,2017-02-07 18:13:32
65,E551010R,2017-02-07 18:13:48
66,E620003R,2017-02-07 19:04:19
67,E620002L,2017-02-07 19:13:14
68,E620002R,2017-02-07 19:13:38
69,E620002L,2017-02-07 20:51:15
70,E620003R,2017-02-07 20:56:26
71,E620002R,2017-02-07 23:41:29
72,E600003L,2017-02-08 00:05:51
73,E620003L,2017-02-08 00:05:52
74,E620002R,2017-02-08 03:24:20
76,E620003R,2017-02-08 04:02:11
75,E551010L,2017-02-08 04:02:11
77,E620002L,2017-02-08 05:26:52
78,E620002R,2017-02-08 05:26:52
79,E620003R,2017-02-08 07:26:18
80,E620002R,2017-02-08 07:29:59
81,E620002L,2017-02-08 07:46:09
82,E600003L,2017-02-08 08:33:49
83,E620003L,2017-02-08 08:33:50
84,E551010R,2017-02-08 08:38:14
85,E620002L,2017-02-08 08:46:06
86,E620002L,2017-02-08 10:16:18
87,E620002R,2017-02-08 10:16:49
88,E620002L,2017-02-08 10:24:35
90,E620003L,2017-02-08 13:48:06
89,E551010R,2017-02-08 13:48:06
91,E620002L,2017-02-08 17:24:56
92,E620002R,2017-02-08 17:25:09
93,E620002L,2017-02-08 17:27:46
94,E620002R,2017-02-08 17:27:48
95,E620002R,2017-02-08 20:21:31
96,E620002R,2017-02-08 21:44:16
97,E620002L,2017-02-08 22:18:32
98,E620002R,2017-02-08 22:19:21
99,E620002L,2017-02-09 02:19:28
100,E551010L,2017-02-09 04:01:26
101,E620003R,2017-02-09 04:01:26
102,E620002L,2017-02-09 04:32:51
103,E620002R,2017-02-09 06:41:53
104,E620002L,2017-02-09 06:50:29
105,E620002R,2017-02-09 06:51:45
106,E620002R,2017-02-09 06:54:45
108,E632236L,2017-02-09 07:25:08
107,E551010R,2017-02-09 07:25:08
109,E620002L,2017-02-09 07:25:38
110,E551010L,2017-02-09 07:35:42
111,E632501R,2017-02-09 07:35:42
112,E620002L,2017-02-09 07:58:02
113,E620002R,2017-02-09 07:58:11
114,E620002L,2017-02-09 08:05:04
115,E620002R,2017-02-09 08:19:26
116,E620002L,2017-02-09 08:19:37
117,E620002L,2017-02-09 09:29:08
118,E620002R,2017-02-09 09:29:15
119,E620002L,2017-02-09 09:33:47
120,E620002L,2017-02-09 09:36:37
121,E620002R,2017-02-09 09:36:54
122,E551092R,2017-02-09 12:38:10
123,E551010L,2017-02-09 12:38:48
0,-1,2017-02-09 13:00:00
124,E620002R,2017-02-09 13:03:48
125,E620002R,2017-02-09 17:44:59
126,E620002L,2017-02-09 17:45:08
127,E620002R,2017-02-09 17:47:11
128,E620002L,2017-02-09 17:48:53
129,E620002L,2017-02-10 07:11:02
130,E620002L,2017-02-10 07:14:01
131,E620002R,2017-02-10 07:14:01
132,E620002L,2017-02-10 07:19:18
133,E620002L,2017-02-10 11:04:18
134,E620002R,2017-02-10 11:04:27
135,E620002L,2017-02-10 11:36:19
136,E620002R,2017-02-10 11:37:05
138,E620003L,2017-02-10 13:15:52
137,E600003L,2017-02-10 13:15:52
139,E600102R,2017-02-10 13:20:34
140,E551010L,2017-02-10 17:43:27
141,E620003R,2017-02-10 17:43:28
142,E620002L,2017-02-10 20:49:39
143,E620002R,2017-02-10 20:49:39
144,E620002L,2017-02-10 20:52:30
145,E620002R,2017-02-10 20:53:00
146,E551010R,2017-02-10 22:06:59
147,E632104L,2017-02-10 22:06:59
1,-1,2017-02-11 12:23:00
148,E620002L,2017-02-12 00:02:50
149,E620002R,2017-02-12 00:03:12
150,E620002R,2017-02-12 05:40:31
151,E620002R,2017-02-12 05:43:32
152,E620002R,2017-02-13 07:30:19
153,E620002L,2017-02-13 07:30:21
154,E620002L,2017-02-13 07:33:02
155,E620002R,2017-02-13 07:33:05
156,E620002L,2017-02-13 07:36:03
157,E551502R,2017-02-13 10:02:32
158,E551010L,2017-02-13 10:03:12
159,E600003L,2017-02-13 10:48:47
160,E620003L,2017-02-13 10:48:47
161,E620003R,2017-02-13 12:17:53
162,E551502R,2017-02-13 12:18:00
163,E551010L,2017-02-13 12:18:47
164,E620002R,2017-02-13 12:19:09
165,E620002R,2017-02-13 12:23:35
166,E551010L,2017-02-13 16:10:08
167,E620003R,2017-02-13 16:10:08
168,E605179R,2017-02-13 16:10:09
169,E620003L,2017-02-13 16:18:46
170,E600003L,2017-02-13 16:23:17
171,E620003L,2017-02-13 16:23:17
172,E551010R,2017-02-13 16:23:25
173,E620002L,2017-02-13 17:43:48
174,E620002R,2017-02-13 17:44:05
175,E620002L,2017-02-13 23:40:33
176,E620002R,2017-02-13 23:41:12
177,E620003L,2017-02-14 03:21:07
178,E620002L,2017-02-14 03:21:19
179,E551010L,2017-02-14 03:36:38
180,E632501R,2017-02-14 03:37:42
2,-1,2017-02-14 03:40:00
181,E620002R,2017-02-14 09:22:31
182,E620002R,2017-02-14 09:26:13
183,E620002L,2017-02-14 09:29:04
184,E620002R,2017-02-14 09:29:05
185,E620002R,2017-02-14 09:34:04
186,E551502R,2017-02-15 01:57:11
187,E551010L,2017-02-15 01:57:20
188,E620002L,2017-02-15 10:51:55
189,E620002R,2017-02-15 10:52:01
190,E620003L,2017-02-15 11:05:45
191,E620002L,2017-02-15 11:14:34
192,E620002R,2017-02-15 11:15:06
193,E620002R,2017-02-15 12:26:42
194,E600003L,2017-02-15 12:49:06
195,E620003L,2017-02-15 12:49:06
196,E551010R,2017-02-15 12:49:14
197,E620002L,2017-02-15 13:07:43
198,E620002L,2017-02-15 15:06:12
199,E620002L,2017-02-15 15:09:58
200,E620002R,2017-02-15 15:10:47
201,E551010L,2017-02-15 16:57:32
202,E620003R,2017-02-15 16:57:33
203,E530020L,2017-02-15 17:11:33
204,E620002L,2017-02-15 17:16:11
205,E551010L,2017-02-15 18:21:46
206,E632501R,2017-02-15 18:21:46
3,-1,2017-02-15 19:00:00
207,E620002L,2017-02-16 06:37:50
208,E620002R,2017-02-16 06:37:53
209,E600003L,2017-02-16 07:05:11
210,E620003L,2017-02-16 07:05:11
211,E551010R,2017-02-16 07:05:49
212,E600003L,2017-02-16 07:20:40
213,E620003L,2017-02-16 07:20:40
214,E551010R,2017-02-16 07:21:04
215,E551010L,2017-02-17 03:13:49
216,E620003R,2017-02-17 03:13:50
217,E551010R,2017-02-17 04:03:41
218,E620003L,2017-02-17 04:03:41
219,E530020L,2017-02-17 04:41:39
220,E551010R,2017-02-17 04:41:44
221,E620002L,2017-02-17 04:41:59
222,E620002L,2017-02-17 04:44:34
223,E620002L,2017-02-17 04:47:09
224,E620002L,2017-02-17 05:38:24
225,E620002R,2017-02-17 05:38:24
226,E620002R,2017-02-17 05:40:51
227,E620002L,2017-02-17 05:43:07
228,E620002L,2017-02-17 05:49:42
229,E620002R,2017-02-17 08:07:24
230,E620002L,2017-02-17 08:07:30
231,E620002L,2017-02-17 08:20:11
232,E620002R,2017-02-17 08:20:23
233,E620002L,2017-02-17 08:23:41
235,E620002R,2017-02-17 08:28:09
234,E620002L,2017-02-17 08:28:09
236,E620002L,2017-02-17 11:50:13
237,E620002R,2017-02-17 11:50:21
238,E620002R,2017-02-17 13:16:22
239,E620002L,2017-02-17 14:36:50
240,E620002R,2017-02-17 14:36:54
241,E530020R,2017-02-17 15:40:03
242,E551010L,2017-02-17 15:41:07
243,E620002R,2017-02-17 16:31:17
244,E620002L,2017-02-17 16:34:17
245,E600003R,2017-02-17 18:05:24
246,E620003R,2017-02-17 18:05:25
247,E551010L,2017-02-17 18:05:48
248,E632104L,2017-02-17 18:19:43
249,E551010R,2017-02-17 18:21:03
250,E620002L,2017-02-17 18:31:46
251,E620002R,2017-02-17 18:32:45
252,E620002L,2017-02-17 18:36:47
254,E620003R,2017-02-17 22:08:24
253,E600003R,2017-02-17 22:08:24
255,E551010L,2017-02-17 22:09:00
256,E551010L,2017-02-17 23:13:22
257,E632501R,2017-02-17 23:13:26
258,E551010L,2017-02-18 00:23:06
259,E632501R,2017-02-18 00:23:07
260,E551010L,2017-02-18 03:18:41
261,E620003R,2017-02-18 03:18:42
262,E600003L,2017-02-18 05:11:45
263,E620003L,2017-02-18 05:11:45
264,E551010R,2017-02-18 05:15:04
265,E551010R,2017-02-18 09:58:28
266,E620003L,2017-02-18 09:58:28
267,E620002L,2017-02-18 23:05:34
268,E620002R,2017-02-18 23:06:04
270,E620003R,2017-02-19 00:20:55
269,E551010L,2017-02-19 00:20:55
271,E620002L,2017-02-19 02:42:54
272,E620002R,2017-02-19 02:43:37
273,E620002L,2017-02-19 02:58:40
274,E620002R,2017-02-20 07:32:34
275,E620002L,2017-02-20 07:32:40
276,E620002L,2017-02-20 07:34:51
277,E620002R,2017-02-20 07:34:56
278,E620002L,2017-02-20 07:55:39
279,E551010R,2017-02-20 08:06:24
280,E632201L,2017-02-20 08:06:24
281,E620002L,2017-02-20 08:09:07
282,E620002L,2017-02-20 08:12:07
283,E551010R,2017-02-20 08:15:12
284,E632201L,2017-02-20 08:15:12
285,E620002L,2017-02-20 08:29:31
286,E620002L,2017-02-20 08:33:29
288,E632201L,2017-02-20 08:39:05
287,E551010R,2017-02-20 08:39:05
289,E620002L,2017-02-20 08:43:05
291,E632201L,2017-02-20 09:40:21
290,E551010R,2017-02-20 09:40:21
4,-1,2017-02-20 09:41:00
292,E620002L,2017-02-20 09:58:02
293,E620002L,2017-02-20 11:52:36
294,E620002R,2017-02-20 11:52:57
295,E620002L,2017-02-20 18:38:07
296,E620002R,2017-02-20 18:38:13
297,E620002R,2017-02-20 18:41:50
298,E620002L,2017-02-20 22:31:55
299,E620002R,2017-02-20 22:32:02
300,E620002L,2017-02-20 22:41:38
301,E620002L,2017-02-20 22:44:35
302,E620002L,2017-02-20 22:52:10
5,-1,2017-02-26 12:23:00
303,E620002R,2017-03-01 07:32:53
304,E620002L,2017-03-01 07:33:06
305,E620002L,2017-03-01 07:35:58
306,E620002L,2017-03-01 07:41:53
307,E620002L,2017-03-01 07:55:49
308,E620002R,2017-03-01 07:56:29
309,E620002L,2017-03-01 07:59:11
310,E620002L,2017-03-01 09:56:28
311,E620002R,2017-03-01 09:56:46
312,E620002L,2017-03-01 11:58:21
313,E620002R,2017-03-01 11:59:21
314,E620002L,2017-03-01 15:45:00
315,E620002R,2017-03-01 15:45:06
316,E620002L,2017-03-01 19:38:00
317,E620002L,2017-03-01 19:51:44
318,E620002R,2017-03-01 19:53:37
319,E620002L,2017-03-01 20:07:31
320,E620002R,2017-03-01 20:08:54
321,E620002L,2017-03-01 20:14:11
323,E620002R,2017-03-02 00:26:39
322,E620002L,2017-03-02 00:26:39
324,E620002L,2017-03-02 00:33:21
325,E551010L,2017-03-02 01:18:55
326,E620003R,2017-03-02 01:18:55
327,E620002L,2017-03-02 06:46:11
328,E620002L,2017-03-02 06:52:08
329,E620002L,2017-03-02 06:55:25
330,E620002R,2017-03-02 06:56:30
331,E600003R,2017-03-02 07:05:29
332,E620003R,2017-03-02 07:05:29
333,E620002L,2017-03-02 08:13:27
334,E620002L,2017-03-02 08:17:21
335,E620002L,2017-03-02 08:39:45
336,E620002L,2017-03-02 09:49:50
337,E620002L,2017-03-02 09:55:07
338,E620002L,2017-03-02 10:31:53
339,E620002L,2017-03-02 10:48:19
340,E620002L,2017-03-02 10:50:32
341,E620002R,2017-03-02 11:08:06
342,E620002L,2017-03-02 11:09:16
343,E620002R,2017-03-02 11:10:08
344,E620002R,2017-03-02 11:13:54
345,E620002L,2017-03-02 11:20:24
346,E620002L,2017-03-02 20:55:33
347,E620002R,2017-03-02 20:55:33
348,E620002L,2017-03-03 00:10:03
349,E620002R,2017-03-03 00:10:03
350,E620002L,2017-03-03 03:04:22
351,E620002L,2017-03-03 07:19:52
352,E620002R,2017-03-03 07:19:52
353,E551502L,2017-03-03 11:29:45
6,-1,2017-03-03 12:23:00
354,E620002R,2017-03-03 14:18:27
355,E620002L,2017-03-03 14:20:34
356,E551010R,2017-03-03 16:47:34
357,E620003L,2017-03-03 16:47:34
358,E620002L,2017-03-03 23:54:06
359,E620002R,2017-03-03 23:54:44
361,E632236L,2017-03-04 00:29:27
360,E551010R,2017-03-04 00:29:27
362,E551010L,2017-03-04 00:32:57
363,E632307R,2017-03-04 00:34:28
364,E620002L,2017-03-04 00:35:13
365,E620002R,2017-03-04 00:37:53
366,E620002L,2017-03-04 00:38:40
367,E551010L,2017-03-04 03:27:55
368,E632304R,2017-03-04 03:27:55
370,E632236L,2017-03-04 03:30:36
369,E551010R,2017-03-04 03:30:36
371,E551010L,2017-03-04 03:32:38
372,E632307R,2017-03-04 03:33:11
373,E551010R,2017-03-04 03:34:25
374,E620002R,2017-03-04 03:35:05
375,E620002L,2017-03-04 03:35:53
376,E551506R,2017-03-04 06:08:10
377,E551010L,2017-03-04 06:08:45
379,E620002R,2017-03-04 06:40:33
378,E620002L,2017-03-04 06:40:33
380,E620002L,2017-03-04 11:33:38
381,E620002R,2017-03-04 11:33:44
382,E620003R,2017-03-04 11:41:23
384,E620003L,2017-03-04 11:53:24
383,E600003L,2017-03-04 11:53:24
385,E551010R,2017-03-04 11:55:33
386,E620002L,2017-03-04 14:50:27
387,E620002R,2017-03-04 14:50:35
388,E600003R,2017-03-04 17:43:11
389,E620003R,2017-03-04 17:43:11
390,E551010L,2017-03-04 17:43:47
391,E620002L,2017-03-04 21:00:19
392,E620002L,2017-03-05 06:54:46
393,E620002R,2017-03-05 06:54:46
394,E620002L,2017-03-06 07:39:56
395,E620002R,2017-03-06 07:40:09
396,E620002L,2017-03-06 07:42:00
397,E620002R,2017-03-06 07:42:15
398,E620002L,2017-03-06 08:02:39
399,E620003R,2017-03-06 08:11:52
400,E551010L,2017-03-06 08:12:00
401,E620002R,2017-03-06 08:55:12
402,E620002R,2017-03-06 11:54:43
403,E620002L,2017-03-06 11:54:49
404,E620002R,2017-03-06 11:56:45
405,E620002L,2017-03-06 11:57:33
406,E620002L,2017-03-06 12:21:22
407,E620002R,2017-03-06 14:02:31
408,E620002L,2017-03-06 14:07:59
409,E620002R,2017-03-06 14:08:11
410,E620002R,2017-03-06 18:00:44
411,E620002R,2017-03-06 20:59:24
412,E620002L,2017-03-06 20:59:25
414,E620003R,2017-03-06 22:18:09
413,E551010L,2017-03-06 22:18:09
415,E620002L,2017-03-07 15:57:10
416,E620002R,2017-03-07 15:57:16
417,E620002L,2017-03-07 21:29:32
418,E620002R,2017-03-07 21:30:20
420,E620003R,2017-03-07 23:59:42
419,E551010L,2017-03-07 23:59:42
421,E551502R,2017-03-08 00:49:27
422,E551010L,2017-03-08 00:50:00
423,E620003R,2017-03-08 01:12:35
424,E551010R,2017-03-08 02:16:34
425,E620003L,2017-03-08 02:16:34
427,E620003L,2017-03-08 03:31:49
426,E551010R,2017-03-08 03:31:49
428,E620002L,2017-03-08 06:44:56
429,E620002R,2017-03-08 06:45:52
430,E620003R,2017-03-08 06:50:16
431,E620002R,2017-03-08 06:51:05
432,E620002L,2017-03-08 08:52:54
433,E620002R,2017-03-08 08:53:46
434,E620002L,2017-03-08 08:57:36
435,E620002R,2017-03-08 08:59:15
7,-1,2017-03-08 12:23:00
436,E620002L,2017-03-08 20:37:38
437,E620002R,2017-03-08 20:37:44
438,E620002L,2017-03-08 20:41:07
439,E600003R,2017-03-08 21:05:27
440,E620003R,2017-03-08 21:05:28
441,E551010L,2017-03-08 21:06:21
442,E620002R,2017-03-08 21:08:51
443,E620002R,2017-03-09 08:04:34
444,E620002L,2017-03-09 09:04:59
445,E620002L,2017-03-09 09:19:06
446,E600003R,2017-03-09 09:34:05
447,E620003R,2017-03-09 09:34:06
448,E600102L,2017-03-09 09:36:38
449,E620002L,2017-03-09 09:49:38
450,E620002L,2017-03-09 10:05:19
451,E620002L,2017-03-09 11:13:59
452,E620002R,2017-03-09 11:14:02
453,E620002L,2017-03-09 11:16:36
454,E620002L,2017-03-09 13:37:27
455,E620002R,2017-03-09 13:37:40
456,E620003R,2017-03-09 13:54:34
457,E620002L,2017-03-09 14:49:30
458,E620002R,2017-03-09 14:49:41
459,E551506L,2017-03-09 15:25:34
460,E551010R,2017-03-09 15:25:48
461,E620003R,2017-03-09 15:45:49
462,E600003R,2017-03-09 15:45:50
463,E551010L,2017-03-09 15:46:32
464,E600003L,2017-03-09 15:53:08
465,E620003L,2017-03-09 15:53:08
466,E551010R,2017-03-09 15:54:32
467,E620002L,2017-03-09 18:28:14
468,E620002R,2017-03-09 18:28:34
469,E620003R,2017-03-09 21:56:08
470,E551502R,2017-03-09 21:56:14
471,E551010L,2017-03-09 21:57:53
472,E551010R,2017-03-10 07:29:04
473,E632102L,2017-03-10 07:29:04
474,E620002R,2017-03-10 07:48:42
475,E620002L,2017-03-10 07:48:52
476,E620003L,2017-03-10 07:53:18
477,E620002L,2017-03-10 13:26:16
478,E620002L,2017-03-10 13:31:42
479,E620002L,2017-03-10 16:41:48
480,E620002R,2017-03-10 16:41:51
481,E620002L,2017-03-10 16:45:06
482,E620002L,2017-03-10 21:48:19
483,E620002R,2017-03-10 21:48:40
484,E620002R,2017-03-10 21:54:12
485,E620002L,2017-03-10 23:24:41
486,E620002R,2017-03-10 23:28:17
487,E620002L,2017-03-10 23:37:56
488,E620002R,2017-03-11 00:32:17
489,E620002L,2017-03-11 04:42:59
490,E620002R,2017-03-11 04:43:28
491,E620002R,2017-03-11 07:25:35
492,E620002R,2017-03-11 07:29:04
493,E620002L,2017-03-13 08:31:00
494,E620002R,2017-03-13 08:31:52
495,E620002L,2017-03-13 08:37:22
496,E620002R,2017-03-13 08:40:04
497,E620002R,2017-03-13 09:24:10
498,E620002L,2017-03-13 11:19:36
499,E620002R,2017-03-13 11:19:40
500,E600003L,2017-03-13 21:51:10
501,E620003L,2017-03-13 21:51:10
502,E620002L,2017-03-13 21:57:01
503,E530020R,2017-03-13 23:18:15
504,E551010L,2017-03-13 23:18:56
505,E620002L,2017-03-14 00:38:12
506,E620002R,2017-03-14 00:38:27
507,E632205L,2017-03-14 02:29:33
508,E551010R,2017-03-14 02:30:39
509,E620003R,2017-03-14 08:50:22
510,E551010L,2017-03-14 19:05:09
511,E632501R,2017-03-14 19:05:14
512,E551506L,2017-03-14 23:07:30
513,E600102R,2017-03-14 23:12:04
514,E620002R,2017-03-15 05:29:07
515,E620002L,2017-03-15 20:27:58
516,E620002R,2017-03-15 20:28:03
518,E632501R,2017-03-15 21:06:05
517,E551010L,2017-03-15 21:06:05
519,E620002R,2017-03-15 21:39:44
520,E620002L,2017-03-16 00:00:47
521,E620002R,2017-03-16 00:01:31
522,E620002L,2017-03-16 06:04:34
523,E620002R,2017-03-16 06:05:01
524,E620002L,2017-03-16 06:06:56
525,E605179R,2017-03-16 07:03:38
526,E620003R,2017-03-16 07:03:38
527,E551010L,2017-03-16 07:04:26
528,E620003R,2017-03-16 08:00:06
529,E620002R,2017-03-16 08:33:26
530,E551010L,2017-03-16 09:53:47
531,E620003R,2017-03-16 09:53:48
532,E632234L,2017-03-16 10:24:45
533,E551010R,2017-03-16 10:25:06
534,E620002L,2017-03-16 10:50:31
535,E620002R,2017-03-16 10:50:37
536,E600003L,2017-03-16 11:41:25
537,E620003L,2017-03-16 11:41:26
538,E551010R,2017-03-16 11:42:57
539,E620003L,2017-03-16 14:35:50
540,E600003L,2017-03-16 14:44:08
541,E620003L,2017-03-16 14:44:08
542,E551010R,2017-03-16 14:44:29
543,E600003L,2017-03-16 16:17:18
544,E620003L,2017-03-16 16:17:18
545,E551010R,2017-03-16 16:18:21
546,E551010R,2017-03-16 16:51:08
547,E620003L,2017-03-16 16:51:08
548,E620002R,2017-03-16 17:38:04
549,E620002L,2017-03-16 17:38:16
550,E632501R,2017-03-16 20:18:15
551,E551010L,2017-03-16 20:18:16
552,E620002L,2017-03-16 21:16:15
553,E620002L,2017-03-17 00:52:52
554,E620002R,2017-03-17 00:53:21
555,E620003L,2017-03-17 06:06:55
556,E620002L,2017-03-17 06:07:07
558,E632102L,2017-03-17 07:19:26
557,E551010R,2017-03-17 07:19:26
559,E620002R,2017-03-17 11:36:50
560,E620002L,2017-03-17 11:36:58
561,E620002L,2017-03-17 13:00:41
562,E620002R,2017-03-17 13:00:46
563,E620002L,2017-03-17 16:33:22
564,E620002L,2017-03-17 16:39:41
565,E620002R,2017-03-17 16:39:46
566,E551010L,2017-03-17 20:34:15
567,E632501R,2017-03-17 20:45:21
568,E551010L,2017-03-17 20:51:30
569,E632501R,2017-03-17 20:51:31
571,E632501R,2017-03-17 21:02:12
570,E551010L,2017-03-17 21:02:12
572,E632507R,2017-03-17 21:03:42
573,E620002R,2017-03-17 21:04:49
574,E551010L,2017-03-17 21:06:36
8,-1,2017-03-17 22:00:00
575,E620002L,2017-03-18 01:24:13
576,E620002R,2017-03-18 01:24:13
577,E551010L,2017-03-18 01:53:22
578,E632501R,2017-03-18 01:54:06
579,E551010L,2017-03-18 01:59:13
580,E632501R,2017-03-18 01:59:14
581,E620002R,2017-03-18 02:59:55
582,E600003R,2017-03-18 04:16:48
583,E620003R,2017-03-18 04:16:49
584,E620002L,2017-03-18 04:38:19
585,E620002R,2017-03-18 04:40:21
586,E620002L,2017-03-18 04:45:23
587,E551092L,2017-03-18 04:54:41
588,E551010R,2017-03-18 04:55:02
589,E620002L,2017-03-18 04:55:40
590,E620002R,2017-03-18 04:56:14
591,E620002R,2017-03-18 06:40:52
592,E620002L,2017-03-18 06:42:20
593,E600003L,2017-03-18 06:52:59
594,E620003L,2017-03-18 06:52:59
595,E551010R,2017-03-18 06:53:17
596,E620002L,2017-03-18 06:54:22
597,E620003L,2017-03-18 07:47:29
598,E551010R,2017-03-18 07:47:41
599,E551010R,2017-03-18 08:55:21
600,E632104L,2017-03-18 08:55:22
601,E620002L,2017-03-18 08:56:56
602,E620002R,2017-03-18 08:57:06
603,E620003R,2017-03-18 09:40:58
604,E620002L,2017-03-18 11:37:47
605,E620002R,2017-03-18 11:37:48
606,E620003L,2017-03-18 11:55:57
607,E620002L,2017-03-18 11:56:08
608,E551092R,2017-03-19 07:20:16
609,E551010L,2017-03-19 07:20:32
610,E620002L,2017-03-20 08:32:36
611,E620002R,2017-03-20 08:32:41
612,E620002L,2017-03-20 08:35:16
613,E620002R,2017-03-20 08:35:19
614,E620002R,2017-03-20 08:39:47
615,E620002L,2017-03-20 08:40:24
616,E620002L,2017-03-20 08:43:12
617,E620002R,2017-03-20 08:43:32
618,E620002R,2017-03-20 08:58:27
619,E620002L,2017-03-20 09:06:16
620,E620002L,2017-03-20 09:20:17
621,E620002L,2017-03-20 09:33:05
622,E620002L,2017-03-20 09:44:44
623,E620002R,2017-03-20 09:44:49
624,E620002L,2017-03-20 09:50:46
625,E620002L,2017-03-20 11:04:57
626,E620002R,2017-03-20 11:06:58
627,E620002L,2017-03-20 11:08:32
628,E620002R,2017-03-20 11:09:51
629,E620002L,2017-03-20 11:11:19
630,E620002L,2017-03-20 11:13:40
631,E620002R,2017-03-20 11:14:02
632,E620002R,2017-03-20 11:35:40
633,E620002L,2017-03-20 11:35:41
634,E620002L,2017-03-20 11:40:44
635,E620002R,2017-03-20 11:41:11
636,E620002R,2017-03-20 11:44:55
637,E620002R,2017-03-20 23:56:06
638,E620002L,2017-03-20 23:56:14
639,E620002R,2017-03-21 00:19:41
640,E620002L,2017-03-21 00:27:53
641,E600003L,2017-03-21 01:02:43
642,E620003L,2017-03-21 01:02:43
643,E551010R,2017-03-21 01:03:08
644,E620002L,2017-03-21 01:03:43
646,E620003R,2017-03-21 03:30:01
645,E600003R,2017-03-21 03:30:01
647,E620002R,2017-03-21 03:39:03
648,E620002R,2017-03-21 03:45:59
649,E551010L,2017-03-21 04:46:14
650,E620003R,2017-03-21 04:46:14
651,E620002L,2017-03-21 09:01:46
652,E620002L,2017-03-21 09:09:50
653,E620002R,2017-03-21 09:09:56
654,E620003R,2017-03-21 09:16:15
655,E620002R,2017-03-21 09:16:34
656,E620003R,2017-03-21 10:57:33
657,E620002R,2017-03-21 10:57:41
658,E620002L,2017-03-21 10:59:08
659,E620003L,2017-03-21 10:59:32
660,E620002L,2017-03-21 11:01:38
661,E620002L,2017-03-21 12:52:02
662,E620002R,2017-03-21 12:52:20
663,E620002L,2017-03-21 15:47:21
665,E620003R,2017-03-21 16:41:07
664,E605179R,2017-03-21 16:41:07
666,E551010L,2017-03-21 16:42:36
668,E620003L,2017-03-21 18:18:51
667,E551010R,2017-03-21 18:18:51
669,E620002L,2017-03-21 23:23:55
670,E620002R,2017-03-21 23:24:20
671,E620002L,2017-03-21 23:40:06
672,E620002L,2017-03-21 23:48:57
673,E620002L,2017-03-22 02:19:45
674,E620002R,2017-03-22 02:19:45
675,E620002R,2017-03-22 02:26:07
676,E632501R,2017-03-22 05:16:18
677,E551010L,2017-03-22 05:16:24
678,E620002L,2017-03-22 08:14:27
679,E620002R,2017-03-22 08:14:27
680,E620002L,2017-03-22 08:19:23
681,E620003L,2017-03-22 08:48:06
682,E620002L,2017-03-22 10:55:37
683,E620002R,2017-03-22 10:56:11
684,E620002L,2017-03-22 10:58:32
685,E620002R,2017-03-22 10:59:54
686,E620002R,2017-03-22 11:12:52
687,E620002L,2017-03-22 11:13:10
688,E620002L,2017-03-22 11:15:24
689,E620002R,2017-03-22 11:16:58
690,E632501R,2017-03-22 12:15:29
691,E551010L,2017-03-22 12:15:43
692,E551010L,2017-03-22 12:32:13
693,E632501R,2017-03-22 12:32:13
694,E620002R,2017-03-22 12:34:14
695,E551010L,2017-03-22 12:37:45
696,E632501R,2017-03-22 12:37:45
9,-1,2017-03-22 13:00:00
698,E620003R,2017-03-22 17:23:31
697,E551010L,2017-03-22 17:23:31
699,E620003L,2017-03-22 18:55:54
700,E620002L,2017-03-22 18:56:15
701,E620002L,2017-03-22 18:59:43
702,E620002R,2017-03-22 19:00:27
703,E600003L,2017-03-22 19:32:53
704,E620003L,2017-03-22 19:32:53
705,E551010R,2017-03-22 19:33:12
706,E600003R,2017-03-22 19:50:27
707,E620003R,2017-03-22 19:50:27
708,E551010L,2017-03-22 19:52:27
709,E620002L,2017-03-22 22:47:12
710,E620002R,2017-03-22 22:51:59
711,E620002R,2017-03-23 03:02:58
712,E620002L,2017-03-23 03:03:23
713,E620002L,2017-03-23 03:09:08
714,E620002L,2017-03-23 03:11:35
715,E620002R,2017-03-23 03:12:34
716,E620002L,2017-03-23 03:20:39
717,E620003L,2017-03-23 03:35:32
718,E551502L,2017-03-23 03:35:35
719,E551010R,2017-03-23 03:35:49
720,E551010R,2017-03-23 03:40:01
721,E620003L,2017-03-23 03:40:02
722,E600003L,2017-03-23 04:45:52
723,E620003L,2017-03-23 04:45:52
724,E620002R,2017-03-23 06:52:26
726,E632436R,2017-03-23 07:28:20
725,E551010L,2017-03-23 07:28:20
727,E620002R,2017-03-23 07:29:55
728,E632433R,2017-03-23 07:37:35
729,E551010L,2017-03-23 07:38:42
731,E620002R,2017-03-23 07:39:48
730,E620002L,2017-03-23 07:39:48
732,E551010L,2017-03-23 09:23:02
733,E632501R,2017-03-23 09:23:36
735,E632108L,2017-03-23 09:31:39
734,E551010R,2017-03-23 09:31:39
736,E551010R,2017-03-23 09:34:26
737,E632234L,2017-03-23 09:34:27
738,E620002L,2017-03-23 10:46:47
739,E620002L,2017-03-23 10:49:03
740,E620002L,2017-03-23 10:57:00
741,E620002R,2017-03-23 10:57:19
742,E620002L,2017-03-23 11:00:12
743,E620002R,2017-03-23 11:00:13
745,E620003R,2017-03-23 13:36:44
744,E600003R,2017-03-23 13:36:44
746,E551010L,2017-03-23 13:37:04
747,E620003R,2017-03-23 13:45:32
748,E620002R,2017-03-23 13:45:50
749,E620002R,2017-03-23 13:51:00
751,E620003R,2017-03-23 14:03:20
750,E600003R,2017-03-23 14:03:20
752,E551010L,2017-03-23 14:03:33
753,E620002L,2017-03-23 17:52:02
754,E620002R,2017-03-23 17:52:11
755,E620002R,2017-03-23 19:41:01
756,E620002L,2017-03-24 01:26:01
757,E620002R,2017-03-24 01:26:02
758,E632103L,2017-03-24 04:00:44
759,E551010R,2017-03-24 04:01:53
760,E620002L,2017-03-24 04:45:10
761,E620002R,2017-03-24 04:45:10
762,E620002L,2017-03-24 06:44:49
763,E620002R,2017-03-24 07:39:58
764,E620002L,2017-03-24 07:42:02
765,E620002L,2017-03-24 08:18:07
766,E620002R,2017-03-24 08:18:07
767,E620002L,2017-03-24 08:21:22
768,E620002R,2017-03-24 08:22:53
769,E600003L,2017-03-24 08:39:20
770,E620003L,2017-03-24 08:39:20
771,E551010R,2017-03-24 08:40:33
772,E620002L,2017-03-24 08:43:53
773,E620002L,2017-03-24 10:47:39
774,E620002R,2017-03-24 10:47:46
775,E620002R,2017-03-24 10:50:22
776,E600003R,2017-03-24 13:05:32
777,E620003R,2017-03-24 13:05:32
778,E551010L,2017-03-24 13:06:18
779,E551010L,2017-03-24 18:03:08
780,E620003R,2017-03-24 18:03:09
781,E632234L,2017-03-24 22:29:19
782,E551010R,2017-03-24 22:29:57
783,E620002L,2017-03-24 22:32:47
784,E620002R,2017-03-24 22:32:53
785,E620002L,2017-03-25 02:02:28
786,E620002R,2017-03-25 02:02:29
788,E632501R,2017-03-25 04:15:23
787,E551010L,2017-03-25 04:15:23
790,E620002R,2017-03-25 05:30:00
789,E620002L,2017-03-25 05:30:00
791,E632501R,2017-03-25 05:59:48
792,E551010L,2017-03-25 06:00:35
10,-1,2017-03-25 06:15:00
793,E620002L,2017-03-25 15:48:08
794,E620002R,2017-03-25 15:48:15
795,E620002L,2017-03-25 15:55:06
796,E620002R,2017-03-25 15:55:11
797,E620002L,2017-03-25 15:57:34
799,E620003R,2017-03-25 16:46:00
798,E600003R,2017-03-25 16:46:00
800,E551010L,2017-03-25 16:46:28
801,E551506L,2017-03-25 20:42:03
802,E551010R,2017-03-25 20:42:53
803,E530041L,2017-03-25 20:46:38
804,E551010R,2017-03-25 20:47:03
805,E632234L,2017-03-26 03:07:49
806,E551010R,2017-03-26 03:09:09
807,E620002R,2017-03-26 03:11:10
809,E620003L,2017-03-26 06:53:19
808,E600003L,2017-03-26 06:53:19
810,E551010R,2017-03-26 06:53:31
811,E620002L,2017-03-27 08:32:25
812,E620002R,2017-03-27 08:32:28
813,E620002L,2017-03-27 08:36:31
814,E620002R,2017-03-27 08:36:33
815,E620002L,2017-03-27 08:38:46
817,E620003R,2017-03-27 12:40:16
816,E600003R,2017-03-27 12:40:16
818,E551010L,2017-03-27 12:40:42
819,E620002L,2017-03-27 13:08:21
820,E620002R,2017-03-27 13:08:26
821,E601101R,2017-03-27 18:01:06
822,E620002L,2017-03-27 19:26:17
823,E620002R,2017-03-27 19:26:21
824,E620002L,2017-03-27 21:50:38
825,E620002R,2017-03-27 21:50:38
826,E620002L,2017-03-28 04:04:13
827,E620002R,2017-03-28 04:04:13
828,E551010R,2017-03-28 04:29:02
829,E620003L,2017-03-28 04:29:02
830,E620002L,2017-03-28 06:01:04
831,E620002R,2017-03-28 06:03:07
832,E620002L,2017-03-28 06:03:40
833,E620002R,2017-03-28 06:05:12
834,E620003L,2017-03-28 06:07:14
835,E620002L,2017-03-28 06:07:49
836,E620002R,2017-03-28 06:09:57
837,E620002L,2017-03-28 08:16:46
838,E620002R,2017-03-28 08:18:01
840,E620003R,2017-03-28 10:15:51
839,E551010L,2017-03-28 10:15:51
841,E551502R,2017-03-28 10:15:53
843,E620003R,2017-03-28 18:01:49
842,E551010L,2017-03-28 18:01:49
844,E551010L,2017-03-28 20:40:05
846,E620003R,2017-03-28 20:40:05
845,E600003R,2017-03-28 20:40:05
847,E620002L,2017-03-28 21:45:22
848,E620002R,2017-03-28 21:45:33
849,E620002L,2017-03-28 21:49:13
850,E620002R,2017-03-28 21:50:45
851,E620002L,2017-03-28 21:51:48
852,E620002R,2017-03-28 21:52:57
853,E620002L,2017-03-28 21:56:07
854,E620002R,2017-03-28 21:56:32
855,E620002L,2017-03-28 22:18:22
856,E620002R,2017-03-29 02:41:29
857,E620002L,2017-03-29 02:42:07
858,E620002R,2017-03-29 02:43:34
859,E620002L,2017-03-29 02:44:40
860,E620002L,2017-03-29 02:47:33
861,E620002R,2017-03-29 03:45:31
862,E620002L,2017-03-29 08:28:09
863,E620002R,2017-03-29 08:28:15
864,E551010L,2017-03-29 09:03:22
865,E632501R,2017-03-29 09:03:22
11,-1,2017-03-29 09:04:00
866,E620002L,2017-03-29 16:06:05
867,E620002R,2017-03-29 16:06:10
868,E620003L,2017-03-29 16:55:54
869,E620002L,2017-03-29 18:14:21
870,E620002R,2017-03-29 18:14:27
871,E620003R,2017-03-29 18:22:27
872,E600003R,2017-03-29 19:43:57
873,E620003R,2017-03-29 19:43:57
874,E551010L,2017-03-29 19:44:27
875,E620003R,2017-03-29 20:42:34
876,E620002R,2017-03-29 20:44:11
877,E600003L,2017-03-29 21:36:29
878,E620003L,2017-03-29 21:36:29
879,E551010R,2017-03-29 21:38:08
880,E551010L,2017-03-29 21:52:22
881,E620003R,2017-03-29 21:52:22
882,E620002L,2017-03-29 23:19:24
883,E620002R,2017-03-29 23:19:24
884,E620002L,2017-03-29 23:22:53
885,E632301R,2017-03-30 00:21:28
886,E551010L,2017-03-30 00:21:47
887,E632434R,2017-03-30 00:24:37
888,E551010L,2017-03-30 00:25:03
889,E620002R,2017-03-30 00:25:25
890,E620002L,2017-03-30 00:25:32
891,E620002L,2017-03-30 04:31:28
892,E620002R,2017-03-30 04:32:16
893,E620002L,2017-03-30 04:40:55
894,E620002R,2017-03-30 06:07:13
895,E620002L,2017-03-30 08:08:23
896,E620002R,2017-03-30 08:08:49
897,E620002L,2017-03-30 08:49:50
898,E620002L,2017-03-30 09:15:31
899,E620002R,2017-03-30 09:15:37
900,E620002L,2017-03-30 10:32:44
901,E620002L,2017-03-30 13:05:26
902,E620002R,2017-03-30 13:05:31
903,E551010R,2017-03-30 23:35:59
904,E620003L,2017-03-30 23:36:00
905,E551010R,2017-03-31 01:10:26
906,E620003L,2017-03-31 01:10:26
907,E600003L,2017-03-31 06:24:39
908,E620003L,2017-03-31 06:24:39
909,E620002L,2017-03-31 06:59:50
910,E620002R,2017-03-31 07:00:01
911,E600003L,2017-03-31 08:52:50
912,E620003L,2017-03-31 08:52:51
913,E620002L,2017-03-31 12:53:07
914,E620002R,2017-03-31 12:53:12
915,E600003L,2017-03-31 18:14:14
916,E620003L,2017-03-31 18:14:15
917,E620002L,2017-03-31 20:05:27
918,E620002R,2017-03-31 20:05:31
919,E551010R,2017-03-31 23:35:23
920,E620003L,2017-03-31 23:35:24
921,E551010L,2017-04-01 03:50:14
922,E620003R,2017-04-01 03:50:14
923,E620002L,2017-04-01 08:28:11
924,E620002L,2017-04-01 08:31:40
925,E620003L,2017-04-01 09:23:06
926,E551010R,2017-04-01 09:23:19
928,E620003R,2017-04-01 09:44:22
927,E551010L,2017-04-01 09:44:22
929,E620003L,2017-04-01 10:15:40
12,-1,2017-04-01 12:23:00
930,E620003R,2017-04-01 21:19:03
931,E530041R,2017-04-01 21:24:51
932,E551010L,2017-04-01 21:25:06
933,E620002L,2017-04-02 02:41:49
934,E620002L,2017-04-02 02:48:03
935,E620002R,2017-04-02 02:48:51
936,E620002R,2017-04-02 02:51:12
937,E620002R,2017-04-02 03:07:50
938,E551010L,2017-04-02 03:47:34
939,E620003R,2017-04-02 03:47:35
940,E551010L,2017-04-02 03:57:25
941,E551010L,2017-04-02 04:01:56
944,E620003R,2017-04-02 06:26:55
942,E551010L,2017-04-02 06:26:55
943,E600003R,2017-04-02 06:26:55
945,E620002L,2017-04-02 06:32:21
946,E620002R,2017-04-02 06:32:31
947,E620002L,2017-04-05 08:33:08
948,E620002R,2017-04-05 08:34:27
949,E620002L,2017-04-05 08:36:39
950,E620002R,2017-04-05 08:37:52
951,E620002L,2017-04-05 08:39:02
952,E620002L,2017-04-05 13:40:40
953,E620002R,2017-04-05 13:40:49
954,E620003L,2017-04-05 15:32:56
955,E600003R,2017-04-05 17:09:11
956,E620003R,2017-04-05 17:09:11
957,E551010L,2017-04-05 17:09:16
958,E620002L,2017-04-05 17:34:48
959,E620002L,2017-04-05 17:38:07
960,E620002L,2017-04-05 17:58:19
961,E620002L,2017-04-05 19:59:12
962,E620002R,2017-04-05 19:59:35
963,E620002L,2017-04-06 03:13:18
964,E620002R,2017-04-06 03:13:45
965,E620002L,2017-04-06 12:48:41
966,E551010R,2017-04-06 13:03:20
967,E632102L,2017-04-06 13:03:20
968,E620002L,2017-04-06 13:13:57
969,E620002R,2017-04-06 13:14:45
970,E620002L,2017-04-06 13:16:17
971,E620002L,2017-04-06 20:48:37
972,E620002R,2017-04-06 20:49:04
973,E620002L,2017-04-06 20:51:21
974,E620002L,2017-04-06 21:06:46
975,E620002R,2017-04-06 21:06:46
976,E620002R,2017-04-06 21:09:27
977,E620002L,2017-04-07 03:46:08
978,E620002R,2017-04-07 03:46:22
979,E620002R,2017-04-07 03:49:05
980,E620002R,2017-04-07 03:53:31
981,E620002R,2017-04-07 04:02:06
982,E620002L,2017-04-07 04:03:03
984,E620002R,2017-04-07 04:05:16
983,E620002L,2017-04-07 04:05:16
985,E620002L,2017-04-07 04:09:52
986,E632103L,2017-04-07 04:28:28
987,E551010R,2017-04-07 04:28:29
988,E620002L,2017-04-07 05:00:54
989,E620002L,2017-04-07 05:04:06
990,E620002R,2017-04-07 05:04:16
991,E530030L,2017-04-07 05:15:02
992,E530024R,2017-04-07 05:15:32
993,E530025R,2017-04-07 05:15:33
994,E620002R,2017-04-07 06:03:13
995,E620002L,2017-04-07 06:05:16
996,E620002R,2017-04-07 06:05:20
997,E620002R,2017-04-07 06:09:58
998,E620002R,2017-04-07 09:32:35
999,E620002R,2017-04-07 09:36:59
1001,E620003L,2017-04-07 14:09:22
1000,E600003L,2017-04-07 14:09:22
1002,E551010R,2017-04-07 14:10:40
1003,E620002L,2017-04-07 14:13:46
1004,E632234L,2017-04-07 14:20:18
1005,E551010R,2017-04-07 14:21:46
13,-1,2017-04-07 14:30:00
1006,E620002L,2017-04-09 07:02:23
1007,E620003R,2017-04-10 11:58:20
1008,E551502R,2017-04-10 11:58:25
1009,E551010L,2017-04-10 11:58:32
1010,E600003R,2017-04-10 16:53:14
1011,E620003R,2017-04-10 16:53:14
1012,E551010L,2017-04-10 16:53:38
1013,E620002R,2017-04-10 21:19:04
1014,E620002L,2017-04-10 21:19:32
1015,E620002L,2017-04-10 21:24:51
1016,E620002R,2017-04-10 21:25:06
1017,E620002R,2017-04-10 23:22:57
1019,E620003R,2017-04-11 00:06:31
1018,E551010L,2017-04-11 00:06:31
1020,E620002L,2017-04-11 01:33:00
1021,E620002R,2017-04-11 01:33:32
1022,E632501R,2017-04-11 02:14:50
1023,E551010L,2017-04-11 02:15:51
1024,E620002L,2017-04-11 02:45:10
1025,E620002R,2017-04-11 02:53:47
1026,E620002L,2017-04-11 02:53:54
1028,E620003R,2017-04-11 08:02:36
1027,E551010L,2017-04-11 08:02:36
1029,E620002R,2017-04-11 08:03:41
1030,E551010L,2017-04-11 08:41:06
1031,E620003R,2017-04-11 08:41:06
1032,E620002L,2017-04-11 08:50:46
1033,E620002L,2017-04-11 09:01:26
1034,E620002R,2017-04-11 09:02:26
1035,E620003R,2017-04-11 11:21:11
1036,E600003R,2017-04-11 11:21:12
1037,E551010L,2017-04-11 11:24:25
1038,E620002L,2017-04-11 16:11:26
1039,E620002R,2017-04-11 16:11:56
14,-1,2017-04-11 19:00:00
1041,E632501R,2017-04-11 22:05:20
1040,E551010L,2017-04-11 22:05:20
1042,E551010L,2017-04-11 22:19:59
1043,E632501R,2017-04-11 22:20:02
1045,E620003L,2017-04-12 01:54:50
1044,E600003L,2017-04-12 01:54:50
1046,E632102L,2017-04-12 06:18:46
1047,E551010R,2017-04-12 06:18:47
1048,E620002L,2017-04-12 06:29:01
1049,E620002R,2017-04-12 06:29:03
1050,E620002L,2017-04-12 06:37:22
1051,E620002R,2017-04-12 06:37:50
1052,E600003R,2017-04-12 07:46:09
1053,E620003R,2017-04-12 07:46:09
1054,E551010L,2017-04-12 07:46:25
1055,E551010R,2017-04-12 08:16:19
1056,E632104L,2017-04-12 08:16:19
1057,E551010R,2017-04-12 08:32:21
1058,E632236L,2017-04-12 08:32:21
1059,E551010L,2017-04-12 08:34:32
1060,E632436R,2017-04-12 08:34:33
1061,E632236L,2017-04-12 09:27:19
1062,E551010R,2017-04-12 09:27:38
1063,E551010L,2017-04-12 09:28:56
1064,E632436R,2017-04-12 09:28:57
1065,E620002R,2017-04-12 10:42:56
1066,E620002L,2017-04-12 10:55:51
1067,E620002R,2017-04-12 11:03:49
1068,E620002L,2017-04-12 11:08:50
1069,E600003R,2017-04-12 11:13:52
1070,E620003R,2017-04-12 11:13:53
1071,E551010L,2017-04-12 11:14:14
1072,E620002L,2017-04-12 15:36:40
1073,E620002R,2017-04-12 15:36:49
1074,E620002R,2017-04-12 15:40:19
1076,E620003L,2017-04-12 17:08:20
1075,E600003L,2017-04-12 17:08:20
1077,E551010R,2017-04-12 17:09:17
1078,E632103L,2017-04-12 17:25:17
1079,E551010R,2017-04-12 17:26:27
1081,E632501R,2017-04-12 18:08:05
1080,E551010L,2017-04-12 18:08:05
1083,E620002R,2017-04-12 21:18:19
1082,E620002L,2017-04-12 21:18:19
1084,E620002L,2017-04-12 21:26:55
1085,E620002R,2017-04-12 21:37:22
1087,E620003R,2017-04-12 23:23:14
1086,E551010L,2017-04-12 23:23:14
1088,E620002R,2017-04-12 23:24:02
1089,E551010L,2017-04-13 00:57:29
1090,E620003R,2017-04-13 00:57:30
1092,E620003L,2017-04-13 02:33:08
1091,E600003L,2017-04-13 02:33:08
1093,E551010L,2017-04-13 05:18:10
1094,E620003R,2017-04-13 05:18:10
1096,E620003L,2017-04-13 05:42:15
1095,E600003L,2017-04-13 05:42:15
1098,E620003L,2017-04-13 06:40:58
1097,E551010R,2017-04-13 06:40:58
1100,E632102L,2017-04-13 07:31:20
1099,E551010R,2017-04-13 07:31:20
1101,E600003R,2017-04-13 07:57:57
1102,E620003R,2017-04-13 07:57:58
1103,E551010L,2017-04-13 07:58:59
1104,E620002R,2017-04-13 07:59:40
1105,E620003R,2017-04-13 11:18:30
1106,E600003R,2017-04-13 11:18:31
1107,E551010L,2017-04-13 11:19:29
1108,E620002L,2017-04-13 16:20:33
1109,E620002R,2017-04-13 16:20:39
1110,E620003R,2017-04-13 21:10:43
1113,E620003R,2017-04-13 22:55:26
1112,E600003R,2017-04-13 22:55:26
1111,E551010L,2017-04-13 22:55:26
1114,E620002R,2017-04-13 22:58:02
1115,E632236L,2017-04-13 22:59:44
1116,E551010R,2017-04-13 23:00:20
1117,E620002L,2017-04-13 23:00:47
1118,E620003L,2017-04-14 09:02:27
1119,E551010R,2017-04-14 09:02:38
1120,E620002L,2017-04-14 10:04:46
1121,E620002R,2017-04-14 10:04:54
1122,E620002L,2017-04-14 10:06:53
1123,E620002R,2017-04-14 10:07:50
1124,E600003R,2017-04-14 14:47:52
1125,E620003R,2017-04-14 14:47:53
1126,E551010L,2017-04-14 14:48:13
1127,E620002L,2017-04-15 01:57:18
1128,E620002R,2017-04-15 01:57:19
1129,E620002R,2017-04-15 01:59:48
1130,E600003R,2017-04-15 05:33:08
1131,E620003R,2017-04-15 05:33:09
1132,E551010L,2017-04-15 05:34:25
1134,E620003R,2017-04-15 07:24:02
1133,E551010L,2017-04-15 07:24:02
1135,E620002L,2017-04-15 07:54:05
1136,E620002R,2017-04-15 07:54:16
1137,E620003R,2017-04-15 09:24:28
1138,E620002R,2017-04-15 09:24:55
1139,E551010L,2017-04-15 09:48:09
1141,E620003R,2017-04-15 09:48:09
1140,E600003R,2017-04-15 09:48:09
1142,E620002R,2017-04-15 09:48:56
1143,E620002L,2017-04-15 12:18:35
1144,E620002R,2017-04-15 12:18:41
1145,E620002L,2017-04-17 08:32:17
1146,E620002R,2017-04-17 08:32:25
1147,E620002R,2017-04-17 08:36:43
1148,E620002L,2017-04-17 08:36:46
1150,E620003L,2017-04-17 10:23:52
1149,E600003L,2017-04-17 10:23:52
1151,E551010R,2017-04-17 10:24:56
1152,E600003L,2017-04-17 11:06:05
1153,E620003L,2017-04-17 11:06:05
1154,E620003L,2017-04-17 11:08:50
1155,E620002L,2017-04-17 11:37:50
1156,E620002R,2017-04-17 11:37:56
1157,E551010R,2017-04-17 12:38:06
1158,E632236L,2017-04-17 12:38:08
1160,E632307R,2017-04-17 12:47:26
1159,E551010L,2017-04-17 12:47:26
1161,E620002R,2017-04-17 12:48:43
1162,E620002L,2017-04-17 12:49:10
1163,E620002R,2017-04-17 12:51:10
1164,E620002L,2017-04-17 12:51:15
1165,E632436R,2017-04-17 12:56:53
1166,E551010L,2017-04-17 12:56:57
1167,E620002R,2017-04-17 12:57:38
1168,E551010L,2017-04-17 20:40:59
1169,E632304R,2017-04-17 20:41:00
1170,E551010R,2017-04-17 20:48:42
1171,E632236L,2017-04-17 20:48:42
1172,E620002R,2017-04-17 20:49:16
1173,E620002L,2017-04-17 20:49:22
1174,E600003R,2017-04-18 03:28:40
1175,E620003R,2017-04-18 03:28:40
1176,E551010L,2017-04-18 03:29:27
1177,E620003R,2017-04-18 03:32:00
1178,E620002L,2017-04-18 03:34:43
1179,E620002R,2017-04-18 03:36:24
1180,E620002R,2017-04-18 03:41:12
1181,E620002R,2017-04-18 04:31:13
1182,E620002L,2017-04-18 04:31:14
1183,E620002R,2017-04-18 04:33:46
1184,E620002L,2017-04-18 04:34:10
1185,E620002L,2017-04-18 07:40:43
1186,E620002R,2017-04-18 07:40:43
1187,E620002L,2017-04-18 07:43:23
1189,E632234L,2017-04-18 10:52:17
1188,E551010R,2017-04-18 10:52:17
1190,E620002L,2017-04-18 12:16:14
1191,E620002R,2017-04-18 12:31:45
15,-1,2017-04-18 15:00:00
1192,E620002L,2017-04-18 15:41:29
1193,E620002R,2017-04-18 15:41:35
1194,E620002L,2017-04-18 23:52:36
1195,E620002R,2017-04-18 23:52:53
1196,E620002L,2017-04-19 03:25:20
1197,E620002L,2017-04-19 06:48:43
1198,E620002R,2017-04-19 06:49:05
1200,E620003R,2017-04-19 20:22:05
1199,E600003R,2017-04-19 20:22:05
1201,E551010L,2017-04-19 20:22:09
1202,E551010L,2017-04-20 03:17:03
1203,E620003R,2017-04-20 03:17:04
1205,E620002R,2017-04-20 08:03:59
1204,E620002L,2017-04-20 08:03:59
1206,E620002L,2017-04-20 08:11:45
1207,E620002R,2017-04-20 10:15:25
1208,E620002L,2017-04-20 10:22:54
1209,E620002R,2017-04-20 10:22:57
1210,E620002L,2017-04-20 12:19:24
1211,E620002R,2017-04-20 12:20:23
1212,E600003R,2017-04-20 13:15:13
1213,E620003R,2017-04-20 13:15:13
1214,E551010L,2017-04-20 13:15:55
1215,E600102L,2017-04-20 13:19:17
1217,E620003R,2017-04-20 14:12:58
1216,E600003R,2017-04-20 14:12:58
1218,E620003L,2017-04-20 14:24:07
1219,E620002L,2017-04-20 14:24:16
1220,E620002L,2017-04-20 14:37:45
1221,E620002R,2017-04-20 14:37:51
1222,E620002L,2017-04-20 17:44:56
1223,E620002R,2017-04-20 17:45:01
1224,E620002L,2017-04-20 20:31:22
1225,E620002L,2017-04-20 21:35:19
1226,E620002L,2017-04-20 21:37:28
1227,E620003R,2017-04-20 21:38:03
1228,E620002R,2017-04-21 00:23:05
1229,E620002L,2017-04-21 00:23:34
1230,E620002R,2017-04-21 00:34:32
1231,E530030L,2017-04-21 03:54:40
1232,E530024R,2017-04-21 03:56:28
1233,E530025R,2017-04-21 03:56:30
1234,E620002L,2017-04-21 04:00:37
1235,E530030L,2017-04-21 04:01:13
1236,E620003L,2017-04-21 04:11:03
1237,E620003R,2017-04-21 05:56:02
1238,E620002R,2017-04-21 05:56:03
1239,E620002L,2017-04-21 09:48:39
1240,E620002R,2017-04-21 09:49:25
1241,E600003L,2017-04-21 10:11:14
1242,E620003L,2017-04-21 10:11:14
1243,E551010R,2017-04-21 10:14:58
1244,E551010L,2017-04-21 10:42:07
1245,E632501R,2017-04-21 10:42:07
1246,E620002R,2017-04-21 22:36:54
1247,E620002L,2017-04-21 22:39:02
1248,E620002R,2017-04-21 22:39:18
1249,E632234L,2017-04-21 22:56:25
1250,E551010R,2017-04-21 22:57:08
16,-1,2017-04-21 23:00:00
1251,E620003R,2017-04-22 06:55:47
1252,E600003R,2017-04-22 20:10:22
1253,E620003R,2017-04-22 20:10:23
1254,E551010L,2017-04-22 20:10:54
1255,E620002L,2017-04-22 21:24:45
1256,E620002R,2017-04-22 21:25:02
1257,E620003L,2017-04-22 22:48:04
1258,E600003L,2017-04-22 22:48:06
1259,E551010R,2017-04-22 22:48:55
1260,E620002R,2017-04-22 22:59:26
1262,E620002R,2017-04-22 23:07:18
1261,E620002L,2017-04-22 23:07:18
1263,E620002R,2017-04-22 23:11:50
1265,E632236L,2017-04-22 23:48:31
1264,E551010R,2017-04-22 23:48:31
1266,E551010R,2017-04-22 23:52:22
1267,E620002L,2017-04-22 23:53:42
1268,E620002R,2017-04-22 23:56:06
1269,E632434R,2017-04-22 23:56:53
1270,E551010L,2017-04-22 23:57:22
1271,E620002L,2017-04-23 03:06:32
1272,E620002R,2017-04-23 03:10:00
1273,E620002L,2017-04-24 12:20:08
1274,E620002R,2017-04-24 12:20:14
1275,E620002L,2017-04-24 12:31:15
1276,E620002R,2017-04-24 12:31:27
1277,E620002L,2017-04-24 12:52:04
1278,E620002L,2017-04-24 13:01:50
1279,E620002L,2017-04-24 13:04:26
1280,E620002R,2017-04-24 13:05:59
1281,E620002L,2017-04-24 13:26:29
1283,E632504R,2017-04-24 15:14:28
1282,E551010L,2017-04-24 15:14:28
1284,E620002R,2017-04-24 15:15:00
1285,E632436R,2017-04-24 15:21:47
1286,E551010L,2017-04-24 15:22:20
1287,E620002R,2017-04-24 15:24:38
1288,E620002R,2017-04-24 15:50:47
1289,E620002L,2017-04-24 15:53:25
1290,E620002R,2017-04-24 15:53:28
1292,E632501R,2017-04-24 16:27:01
1291,E551010L,2017-04-24 16:27:01
1293,E632433R,2017-04-24 16:28:11
1294,E620002R,2017-04-24 16:29:00
1295,E620002L,2017-04-25 01:08:12
1296,E620002R,2017-04-25 01:08:22
1297,E620002L,2017-04-25 01:10:56
1298,E620002R,2017-04-25 01:11:41
1299,E620002R,2017-04-25 05:21:51
1300,E620003R,2017-04-25 05:22:33
1301,E551010L,2017-04-25 07:01:53
1302,E620003R,2017-04-25 07:01:54
1303,E620002L,2017-04-25 08:45:09
1304,E620002R,2017-04-25 08:45:14
1305,E620002L,2017-04-25 08:52:06
1306,E620002R,2017-04-25 08:52:53
1307,E600003R,2017-04-25 09:25:38
1308,E551010L,2017-04-25 09:25:39
1309,E620003R,2017-04-25 09:25:39
1310,E620003L,2017-04-25 12:50:22
1311,E620002L,2017-04-25 12:50:26
1312,E620002L,2017-04-25 16:58:53
1313,E620002R,2017-04-25 16:59:22
1314,E620002R,2017-04-25 20:35:56
1315,E620002L,2017-04-25 20:36:25
1316,E600003L,2017-04-25 23:48:45
1317,E620003L,2017-04-25 23:48:45
1318,E620002L,2017-04-26 04:41:28
1319,E620002R,2017-04-26 04:46:07
1320,E620003R,2017-04-26 04:58:38
1321,E551010L,2017-04-26 05:00:06
1322,E620002R,2017-04-26 05:01:07
1323,E551010R,2017-04-26 05:06:38
1324,E632236L,2017-04-26 05:06:38
1325,E551010R,2017-04-26 05:09:15
1326,E620002L,2017-04-26 05:09:52
1327,E620002R,2017-04-26 05:10:00
1329,E632236L,2017-04-26 09:40:49
1328,E551010R,2017-04-26 09:40:49
1330,E620002L,2017-04-26 09:41:55
1331,E620002R,2017-04-26 09:42:45
1332,E632504R,2017-04-26 09:45:20
1334,E620003R,2017-04-26 10:09:49
1333,E600003R,2017-04-26 10:09:49
1335,E551010L,2017-04-26 10:10:25
1336,E620002R,2017-04-26 23:13:20
1337,E620002L,2017-04-26 23:17:34
1338,E620002R,2017-04-26 23:17:39
1339,E620002R,2017-04-26 23:23:18
1340,E620002R,2017-04-26 23:29:11
1341,E620002L,2017-04-26 23:29:42
1342,E620002R,2017-04-26 23:35:16
1343,E620002L,2017-04-26 23:39:22
1344,E620002R,2017-04-26 23:39:22
1345,E620002R,2017-04-26 23:44:02
1346,E620002L,2017-04-26 23:45:23
1347,E620002R,2017-04-26 23:47:50
1349,E620003R,2017-04-27 07:45:28
1348,E551010L,2017-04-27 07:45:28
1350,E551010L,2017-04-27 09:11:17
1352,E551001R,2017-04-27 09:11:19
1351,E551001L,2017-04-27 09:11:19
1353,E620002R,2017-04-27 09:35:08
1354,E620002L,2017-04-27 11:58:35
1355,E620002R,2017-04-27 11:59:47
1356,E620002L,2017-04-27 12:02:19
1357,E620002R,2017-04-27 12:02:25
1358,E551010R,2017-04-27 14:22:26
1359,E620003L,2017-04-27 14:22:28
1360,E620002L,2017-04-27 14:38:22
1361,E620002R,2017-04-27 14:38:27
1362,E620002L,2017-04-27 22:52:03
1363,E620002L,2017-04-27 23:09:54
1364,E620002R,2017-04-27 23:10:09
1365,E620002R,2017-04-27 23:17:37
1366,E620002L,2017-04-28 01:25:58
1367,E620002R,2017-04-28 01:26:10
1368,E620002L,2017-04-28 01:37:34
1369,E632501R,2017-04-28 03:40:15
1370,E551010L,2017-04-28 03:40:16
1371,E620002L,2017-04-28 07:38:10
1372,E620002R,2017-04-28 07:38:18
1373,E620003R,2017-04-28 07:46:32
1374,E620002R,2017-04-28 07:46:42
1375,E620002L,2017-04-28 07:52:45
1376,E620002L,2017-04-28 10:05:50
1377,E620002R,2017-04-28 10:05:55
1378,E632501R,2017-04-28 10:59:58
1379,E551010L,2017-04-28 11:00:03
17,-1,2017-04-28 11:11:00
1380,E600003R,2017-04-28 11:24:27
1381,E620003R,2017-04-28 11:24:27
1382,E551010L,2017-04-28 11:24:59
1383,E551010R,2017-04-28 11:37:33
1384,E632104L,2017-04-28 11:37:34
1385,E620002L,2017-04-29 02:45:15
1386,E620002R,2017-04-29 02:45:21
1387,E620003R,2017-04-29 02:53:36
1388,E620002L,2017-04-29 03:00:15
1389,E620002L,2017-05-02 08:35:30
1390,E620002R,2017-05-02 08:36:02
1391,E620002L,2017-05-02 09:34:18
1392,E620002R,2017-05-02 09:37:38
1393,E620002L,2017-05-02 09:39:50
1394,E620002R,2017-05-02 09:41:58
1395,E620002L,2017-05-02 09:53:33
1396,E620002L,2017-05-02 09:56:26
1397,E610054L,2017-05-02 10:05:58
1398,E610054L,2017-05-02 10:17:13
1399,E620002L,2017-05-02 10:22:20
1400,E610054L,2017-05-02 10:26:59
1401,E620002L,2017-05-02 10:30:37
1402,E620002L,2017-05-02 10:43:51
1403,E620002L,2017-05-02 10:50:50
1404,E610054L,2017-05-02 11:03:21
1405,E610045L,2017-05-02 11:06:07
1406,E551010R,2017-05-02 11:06:11
1407,E620002L,2017-05-02 11:08:38
1408,E551010R,2017-05-02 11:11:13
1409,E632101L,2017-05-02 11:11:51
1410,E632234L,2017-05-02 11:14:45
1411,E551010R,2017-05-02 11:16:12
1412,E620002R,2017-05-02 11:36:17
1413,E620002L,2017-05-02 11:45:11
1414,E620002R,2017-05-02 11:45:16
1415,E620002R,2017-05-02 12:17:06
1416,E620002L,2017-05-02 12:17:36
1417,E620002R,2017-05-02 12:20:10
1419,E620003R,2017-05-02 13:16:53
1418,E600003R,2017-05-02 13:16:53
1421,E620003L,2017-05-02 14:33:36
1420,E600003L,2017-05-02 14:33:36
1422,E551010R,2017-05-02 14:33:47
1423,E620002L,2017-05-02 15:09:16
1424,E620002R,2017-05-02 15:09:21
1425,E551010L,2017-05-02 15:34:34
1426,E632501R,2017-05-02 15:34:35
18,-1,2017-05-02 15:35:00
1427,E620002L,2017-05-02 18:30:15
1428,E620002R,2017-05-02 18:30:21
1430,E620003R,2017-05-03 00:13:19
1429,E551010L,2017-05-03 00:13:19
1431,E551010L,2017-05-03 00:20:54
1432,E620003R,2017-05-03 00:20:54
1433,E620002L,2017-05-03 04:38:36
1434,E600003R,2017-05-03 05:03:47
1435,E620003R,2017-05-03 05:03:47
1436,E551010L,2017-05-03 05:05:03
1437,E610045R,2017-05-03 05:10:36
1438,E551010L,2017-05-03 05:10:44
1439,E620002R,2017-05-03 05:15:01
1440,E620002R,2017-05-03 05:17:35
1441,E620002R,2017-05-03 05:19:38
1443,E620002R,2017-05-03 22:22:25
1442,E620002L,2017-05-03 22:22:25
1444,E632234L,2017-05-03 23:00:30
1445,E551010R,2017-05-03 23:01:41
1446,E620002L,2017-05-03 23:15:41
1448,E620002R,2017-05-03 23:24:59
1447,E620002L,2017-05-03 23:24:59
1449,E620003R,2017-05-03 23:26:43
1450,E620002L,2017-05-04 00:45:01
1451,E620002R,2017-05-04 00:45:14
1452,E620002L,2017-05-04 00:55:03
1453,E620002R,2017-05-04 00:56:51
1455,E632501R,2017-05-04 01:54:24
1454,E551010L,2017-05-04 01:54:24
1456,E551010L,2017-05-04 01:57:24
1458,E620003R,2017-05-04 03:14:18
1457,E600003R,2017-05-04 03:14:18
1459,E551010L,2017-05-04 03:15:10
1460,E600003R,2017-05-04 05:18:43
1461,E620003R,2017-05-04 05:18:43
1462,E551010L,2017-05-04 05:18:51
1464,E620003R,2017-05-04 05:58:56
1463,E551010L,2017-05-04 05:58:56
1465,E620002R,2017-05-04 05:59:25
1466,E620002R,2017-05-04 06:14:02
1467,E620002R,2017-05-04 06:42:28
1468,E620002L,2017-05-04 06:43:26
1469,E620002R,2017-05-04 06:44:45
1470,E620002L,2017-05-04 06:45:31
1471,E620002L,2017-05-04 08:36:07
1472,E620002R,2017-05-04 08:36:12
1473,E620002L,2017-05-04 08:45:12
1474,E600003L,2017-05-04 08:52:01
1475,E620003L,2017-05-04 08:52:01
1476,E551010R,2017-05-04 08:52:10
1477,E620002R,2017-05-04 14:42:08
1478,E620002L,2017-05-04 14:42:52
1479,E620002L,2017-05-04 14:45:38
1480,E620002R,2017-05-04 14:46:08
1481,E620002L,2017-05-04 18:54:48
1482,E620002R,2017-05-04 18:54:55
1484,E620002R,2017-05-04 22:07:26
1483,E620002L,2017-05-04 22:07:26
1485,E620002R,2017-05-04 22:16:13
1486,E551502R,2017-05-04 22:29:52
1487,E551010L,2017-05-04 22:30:39
1488,E620003R,2017-05-04 22:31:12
1489,E620002R,2017-05-04 22:31:39
1491,E620003R,2017-05-04 23:14:39
1490,E600003R,2017-05-04 23:14:39
1492,E551010L,2017-05-04 23:14:47
1493,E620003R,2017-05-04 23:16:41
1494,E620002R,2017-05-04 23:16:42
1496,E620003R,2017-05-05 03:59:50
1495,E551010L,2017-05-05 03:59:50
1497,E530014R,2017-05-05 06:29:37
1498,E530030L,2017-05-05 06:29:41
1499,E530024R,2017-05-05 06:29:51
1500,E530025R,2017-05-05 06:29:54
19,-1,2017-05-05 10:00:00
1501,E620002L,2017-05-05 13:52:46
1502,E620002R,2017-05-05 13:53:07
1503,E620002L,2017-05-05 13:55:58
1504,E620002L,2017-05-05 16:28:39
1505,E620002R,2017-05-05 16:28:47
1506,E620002L,2017-05-05 16:42:27
1507,E551010R,2017-05-05 19:55:37
1508,E632107L,2017-05-05 19:55:57
1509,E620002L,2017-05-05 21:36:35
1510,E620002L,2017-05-05 23:04:55
1511,E620002R,2017-05-06 04:05:19
1512,E620002L,2017-05-06 04:05:22
1513,E620002R,2017-05-06 04:08:47
1514,E530014R,2017-05-06 04:54:48
1515,E530030L,2017-05-06 04:54:48
1516,E530024R,2017-05-06 04:55:15
1517,E530025R,2017-05-06 04:55:18
1518,E620002L,2017-05-06 05:00:32
1519,E620002R,2017-05-06 05:01:05
1521,E620003R,2017-05-06 17:40:39
1520,E600003R,2017-05-06 17:40:39
1522,E551010L,2017-05-06 17:41:22
1523,E620002R,2017-05-06 18:12:44
1524,E600003L,2017-05-07 02:30:58
1525,E620003L,2017-05-07 02:30:58
1526,E620002L,2017-05-08 08:35:29
1527,E620002R,2017-05-08 08:35:31
1528,E620002R,2017-05-08 08:39:49
1529,E620002L,2017-05-08 08:39:51
1530,E620002L,2017-05-08 08:43:07
1531,E620002L,2017-05-08 10:58:12
1532,E620002L,2017-05-08 11:00:22
1533,E620002R,2017-05-08 11:02:32
1534,E620003R,2017-05-08 17:18:19
1535,E551010L,2017-05-08 17:18:31
1536,E620003L,2017-05-09 02:02:44
1537,E551010R,2017-05-09 02:05:22
1539,E620003L,2017-05-09 04:02:14
1538,E600003L,2017-05-09 04:02:14
1540,E551010R,2017-05-09 04:03:14
1543,E620003R,2017-05-09 06:47:59
1542,E600003R,2017-05-09 06:47:59
1541,E551010L,2017-05-09 06:47:59
1544,E632236L,2017-05-09 06:50:21
1545,E551010R,2017-05-09 06:51:41
1546,E620002L,2017-05-09 06:52:20
1548,E620003L,2017-05-09 08:26:22
1547,E551010R,2017-05-09 08:26:22
1549,E551010R,2017-05-09 09:59:45
1550,E620003L,2017-05-09 09:59:45
1551,E620002L,2017-05-09 12:59:56
1552,E620002R,2017-05-09 13:00:04
1553,E620002L,2017-05-09 14:22:53
1554,E620002R,2017-05-09 14:23:51
1555,E620002L,2017-05-09 14:25:49
1556,E620002L,2017-05-09 15:41:11
1557,E620002R,2017-05-09 15:41:16
1558,E620002R,2017-05-09 15:47:52
1559,E600003R,2017-05-09 17:26:56
1560,E620003R,2017-05-09 17:26:56
1561,E551010L,2017-05-09 17:27:56
1562,E620002L,2017-05-09 20:40:32
1563,E620002R,2017-05-09 20:40:32
1564,E620002R,2017-05-09 23:41:57
1565,E620002L,2017-05-09 23:42:12
1566,E620002L,2017-05-10 00:44:58
1568,E620003L,2017-05-10 03:22:38
1567,E600003L,2017-05-10 03:22:38
1569,E620003R,2017-05-10 03:26:10
1570,E620003L,2017-05-10 03:32:10
1571,E551502L,2017-05-10 03:32:15
1572,E551010R,2017-05-10 03:33:01
1574,E620002R,2017-05-10 03:44:39
1573,E620002L,2017-05-10 03:44:39
1575,E620002L,2017-05-10 06:47:06
1576,E620002R,2017-05-10 06:47:28
1577,E620002R,2017-05-10 08:41:14
1578,E620002L,2017-05-10 08:43:09
1579,E620002L,2017-05-10 08:45:10
1580,E620003L,2017-05-10 08:59:06
1581,E551010R,2017-05-10 09:13:29
1582,E632108L,2017-05-10 09:13:29
1583,E620002L,2017-05-10 09:15:25
1584,E551010R,2017-05-10 09:16:22
1585,E632234L,2017-05-10 09:16:22
20,-1,2017-05-10 09:17:00
1586,E620002L,2017-05-10 10:18:04
1587,E620002R,2017-05-10 10:18:05
1588,E620002L,2017-05-10 10:23:22
1589,E620003R,2017-05-10 10:24:26
1590,E620002R,2017-05-10 10:24:54
1591,E620002L,2017-05-10 11:03:27
1592,E620002R,2017-05-10 11:03:34
1593,E620002R,2017-05-10 11:08:47
1594,E632504R,2017-05-10 11:53:21
1595,E600003L,2017-05-10 13:09:13
1596,E620003L,2017-05-10 13:09:13
1597,E551010R,2017-05-10 13:09:46
1598,E620002L,2017-05-10 13:16:51
1599,E620002L,2017-05-10 13:29:44
1600,E620002R,2017-05-10 13:29:44
1601,E620003R,2017-05-10 13:36:17
1602,E620002R,2017-05-10 13:38:02
1603,E620002L,2017-05-10 13:40:48
1605,E620003R,2017-05-10 21:07:53
1604,E551010L,2017-05-10 21:07:53
1606,E551010L,2017-05-11 01:00:56
1607,E620003R,2017-05-11 01:00:57
1608,E620002L,2017-05-11 03:23:30
1609,E620002L,2017-05-11 03:36:07
1610,E620002R,2017-05-11 03:36:10
1611,E620003R,2017-05-11 03:38:42
1612,E620002R,2017-05-11 03:39:05
1613,E620002L,2017-05-11 03:42:20
1614,E620002L,2017-05-11 06:12:40
1615,E620002R,2017-05-11 06:12:40
1616,E620002L,2017-05-11 06:30:11
1617,E620002R,2017-05-11 06:30:37
1618,E620003L,2017-05-11 13:28:19
1619,E551010R,2017-05-11 13:28:34
1620,E620002L,2017-05-11 13:28:54
1621,E551010R,2017-05-12 01:19:04
1622,E620003L,2017-05-12 01:19:05
1623,E620002L,2017-05-12 05:21:37
1624,E620002L,2017-05-12 05:28:06
1625,E620002R,2017-05-12 05:31:45
1626,E620003L,2017-05-12 10:20:11
1627,E551010R,2017-05-12 10:23:32
1628,E620002L,2017-05-12 13:48:36
1629,E620002R,2017-05-12 13:48:47
1630,E620002L,2017-05-12 16:23:03
1631,E620002R,2017-05-12 16:23:13
1632,E632501R,2017-05-12 17:08:15
21,-1,2017-05-12 17:09:00
1633,E620002L,2017-05-12 19:25:53
1634,E620002R,2017-05-12 19:26:00
1635,E620002L,2017-05-12 21:49:57
1636,E620002R,2017-05-12 21:49:58
1638,E620003R,2017-05-13 08:42:47
1637,E600003R,2017-05-13 08:42:47
1639,E620002L,2017-05-13 15:28:38
1640,E620002R,2017-05-13 15:28:45
1641,E600003L,2017-05-13 16:53:09
1642,E620003L,2017-05-13 16:53:10
1643,E551010R,2017-05-13 16:54:48
1644,E620002R,2017-05-13 17:22:50
1645,E620002L,2017-05-13 17:22:56
1646,E600003L,2017-05-13 20:05:04
1647,E620003L,2017-05-13 20:05:04
1648,E620002R,2017-05-13 21:15:43
1649,E620002L,2017-05-13 21:15:57
1650,E620002L,2017-05-13 21:18:30
1651,E620002R,2017-05-13 21:20:04
1652,E620002R,2017-05-13 21:22:26
1654,E620002R,2017-05-14 00:53:12
1653,E620002L,2017-05-14 00:53:12
1655,E620002L,2017-05-14 01:07:33
1656,E620002L,2017-05-14 06:37:12
1657,E620002R,2017-05-14 06:38:17
1658,E620002R,2017-05-14 06:41:51
1659,E620002R,2017-05-15 08:30:52
1660,E620002L,2017-05-15 08:30:55
1661,E620002R,2017-05-15 08:35:21
1662,E620002L,2017-05-15 08:35:28
1664,E620003R,2017-05-15 14:46:29
1663,E551010L,2017-05-15 14:46:29
1665,E620003L,2017-05-16 03:53:01
1666,E620002L,2017-05-16 06:09:11
1667,E620002R,2017-05-16 06:09:19
1668,E620003R,2017-05-16 06:11:08
1669,E620002L,2017-05-16 06:12:45
1670,E620002R,2017-05-16 06:13:25
1671,E620002R,2017-05-16 06:16:29
1672,E620002R,2017-05-16 08:58:57
1673,E620002L,2017-05-16 09:04:23
1674,E620002R,2017-05-16 09:04:24
1675,E551502L,2017-05-16 13:14:21
1676,E551010R,2017-05-16 13:16:58
1677,E620002L,2017-05-17 07:01:57
1678,E620002R,2017-05-17 07:01:58
1679,E620002R,2017-05-17 07:50:27
1680,E620002L,2017-05-17 09:51:32
1681,E620002R,2017-05-17 09:51:37
1682,E620002L,2017-05-17 09:57:51
1683,E620002R,2017-05-17 09:58:31
1684,E620002L,2017-05-17 10:13:37
1685,E620002R,2017-05-17 10:13:45
1686,E551010L,2017-05-17 12:11:32
1687,E632501R,2017-05-17 12:11:32
1689,E620003R,2017-05-17 16:44:40
1688,E600003R,2017-05-17 16:44:40
1690,E551010L,2017-05-17 16:45:00
1691,E620003L,2017-05-17 17:23:59
1692,E551010R,2017-05-17 17:53:46
1693,E632104L,2017-05-17 17:53:46
1694,E620002L,2017-05-17 23:31:09
1695,E620002R,2017-05-17 23:31:09
1696,E620002R,2017-05-17 23:33:21
1697,E620002R,2017-05-17 23:43:20
1698,E620003R,2017-05-18 01:12:23
1699,E551502R,2017-05-18 01:12:27
1700,E551010L,2017-05-18 01:17:56
1701,E620002R,2017-05-18 01:19:33
1702,E620002L,2017-05-18 01:20:57
1703,E620002R,2017-05-18 01:22:03
1704,E620002R,2017-05-18 01:24:12
1705,E620002L,2017-05-18 03:33:49
1706,E620002R,2017-05-18 03:33:49
1707,E620002R,2017-05-18 03:36:35
1708,E620002L,2017-05-18 05:08:18
1709,E620002R,2017-05-18 05:08:31
1710,E620003R,2017-05-18 05:11:44
1711,E620002L,2017-05-18 05:12:25
1712,E620002R,2017-05-18 08:17:32
1713,E620002L,2017-05-18 08:18:15
1714,E620002L,2017-05-18 08:21:52
1715,E551010L,2017-05-18 09:58:39
1716,E620003R,2017-05-18 09:58:41
1717,E620002L,2017-05-18 11:00:42
1718,E620002R,2017-05-18 11:00:43
1719,E600003R,2017-05-18 11:28:42
1720,E620003R,2017-05-18 11:28:42
1721,E551010L,2017-05-18 11:30:41
1722,E620003L,2017-05-18 12:29:57
1723,E620002L,2017-05-18 12:59:51
1724,E620002R,2017-05-18 12:59:59
1725,E620002L,2017-05-18 17:12:45
1726,E620002R,2017-05-18 17:12:57
1728,E632501R,2017-05-18 19:40:31
1727,E551010L,2017-05-18 19:40:31
1729,E551010L,2017-05-18 19:43:05
1730,E620002R,2017-05-18 21:09:17
1731,E620003R,2017-05-18 21:11:53
1733,E620002R,2017-05-18 23:51:23
1732,E620002L,2017-05-18 23:51:23
1734,E620002L,2017-05-19 01:04:20
1735,E551010L,2017-05-19 04:31:36
1736,E632501R,2017-05-19 04:31:46
22,-1,2017-05-19 05:00:00
1737,E620002L,2017-05-19 05:42:11
1738,E620002L,2017-05-19 05:44:54
1740,E620002R,2017-05-19 05:49:29
1739,E620002L,2017-05-19 05:49:29
1741,E620002L,2017-05-19 05:51:31
1742,E551010L,2017-05-19 08:35:49
1743,E620003R,2017-05-19 08:35:49
1744,E551010L,2017-05-19 13:35:00
1745,E632405R,2017-05-19 13:35:00
1746,E620002L,2017-05-19 13:37:58
1747,E620002L,2017-05-19 13:40:14
1748,E620002L,2017-05-19 17:40:53
1749,E620002R,2017-05-19 17:41:00
1750,E620002L,2017-05-19 22:41:04
1751,E620002L,2017-05-19 22:44:01
1752,E620002L,2017-05-19 22:46:09
1753,E620002R,2017-05-19 22:50:14
1755,E620003R,2017-05-20 01:53:57
1754,E600003R,2017-05-20 01:53:57
1756,E551010L,2017-05-20 01:55:06
1757,E620002L,2017-05-20 14:41:24
1758,E620002R,2017-05-20 14:41:26
1759,E620002L,2017-05-20 22:33:16
1760,E620002R,2017-05-20 22:33:16
1761,E551010R,2017-05-21 01:22:15
1762,E632104L,2017-05-21 01:23:15
1763,E620002L,2017-05-21 07:32:44
1764,E620002R,2017-05-21 07:32:51
1765,E620002L,2017-05-21 07:35:52
1766,E620002R,2017-05-21 07:36:13
1767,E620002R,2017-05-21 07:41:02
1768,E620002R,2017-05-22 08:29:07
1769,E620002L,2017-05-22 08:29:09
1770,E620002R,2017-05-22 08:33:11
1771,E620002L,2017-05-22 08:33:45
1773,E632102L,2017-05-23 05:23:30
1772,E551010R,2017-05-23 05:23:30
1775,E620003L,2017-05-23 06:40:10
1774,E600003L,2017-05-23 06:40:10
1776,E551010R,2017-05-23 06:40:21
1777,E551092R,2017-05-23 07:41:04
1778,E551010L,2017-05-23 07:41:55
1779,E620003R,2017-05-23 07:43:46
1780,E530041R,2017-05-23 07:47:10
1781,E551010L,2017-05-23 07:47:20
1783,E620003R,2017-05-23 08:04:39
1782,E551010L,2017-05-23 08:04:39
1784,E620002R,2017-05-23 10:13:55
1785,E620002L,2017-05-23 10:16:48
1786,E620002R,2017-05-23 10:17:04
1787,E620002L,2017-05-23 10:19:27
1788,E620003R,2017-05-23 10:28:24
1789,E551506L,2017-05-23 11:22:37
1790,E620002L,2017-05-23 12:12:55
1791,E620002L,2017-05-23 12:24:09
1792,E620002L,2017-05-23 13:53:38
1793,E620002R,2017-05-23 13:53:45
1794,E551010L,2017-05-23 15:08:43
1795,E632501R,2017-05-23 15:08:43
1796,E551010L,2017-05-23 15:47:35
1797,E632501R,2017-05-23 15:48:31
23,-1,2017-05-23 15:50:00
1798,E620002L,2017-05-23 16:49:39
1799,E620002R,2017-05-23 16:49:45
1800,E551010L,2017-05-23 17:07:47
1801,E600003R,2017-05-23 17:07:47
1802,E620003R,2017-05-23 17:07:47
1803,E620002L,2017-05-23 23:42:53
1804,E620002R,2017-05-23 23:42:53
1805,E632107L,2017-05-24 00:11:23
1806,E551010R,2017-05-24 00:11:26
1807,E632405R,2017-05-24 00:32:44
1808,E551010L,2017-05-24 00:32:45
1809,E620002R,2017-05-24 01:35:16
1810,E620002R,2017-05-24 06:37:25
1811,E620002L,2017-05-24 06:37:26
1812,E620002R,2017-05-24 07:39:22
1813,E551092L,2017-05-24 14:21:40
1814,E600003L,2017-05-24 16:13:11
1815,E620003L,2017-05-24 16:13:12
1816,E600003R,2017-05-24 18:56:09
1817,E620003R,2017-05-24 18:56:10
1818,E551010L,2017-05-24 18:56:20
1819,E600102L,2017-05-24 18:59:56
1820,E551010L,2017-05-24 22:55:38
1821,E620003R,2017-05-24 22:55:38
1822,E620002L,2017-05-25 07:39:17
1823,E620002R,2017-05-25 07:39:23
1824,E620002R,2017-05-25 07:42:55
1825,E620002L,2017-05-25 09:52:57
1826,E620002R,2017-05-25 09:53:11
1827,E620002L,2017-05-25 13:36:38
1828,E620002L,2017-05-25 13:42:03
1829,E620002L,2017-05-25 13:54:16
1830,E620002R,2017-05-25 13:56:25
1831,E620002L,2017-05-25 13:57:25
1832,E620002L,2017-05-25 14:09:15
1833,E620002L,2017-05-25 14:12:30
1834,E620002L,2017-05-25 14:15:41
1835,E620002R,2017-05-25 14:19:32
1836,E620002L,2017-05-25 14:23:29
1837,E620002L,2017-05-25 14:27:09
1838,E620002R,2017-05-25 14:30:28
1839,E620002R,2017-05-25 14:33:56
1840,E632234L,2017-05-25 18:30:58
1841,E551010R,2017-05-25 18:32:00
1842,E530020L,2017-05-25 18:33:55
1843,E620002L,2017-05-25 18:40:29
1844,E620002L,2017-05-25 18:43:23
1845,E620002L,2017-05-25 19:54:37
1846,E620002R,2017-05-25 19:54:43
1847,E620002L,2017-05-26 04:34:20
1848,E551010L,2017-05-26 09:02:49
1849,E620003R,2017-05-26 09:02:49
1850,E600003R,2017-05-26 12:32:39
1851,E620003R,2017-05-26 12:32:39
1852,E551010L,2017-05-26 12:32:41
1854,E620003L,2017-05-26 17:08:06
1853,E551010R,2017-05-26 17:08:06
1855,E551010L,2017-05-26 20:38:00
1856,E632501R,2017-05-26 20:38:08
24,-1,2017-05-26 22:00:00
1857,E620002R,2017-05-31 08:31:37
1858,E620002L,2017-05-31 08:31:41
1859,E620002R,2017-05-31 08:35:13
1860,E620002L,2017-05-31 08:35:14
1861,E551010L,2017-05-31 12:50:19
1862,E551010R,2017-05-31 12:50:19
1863,E620002L,2017-05-31 12:52:18
1864,E620002L,2017-05-31 12:54:28
1865,E620002R,2017-05-31 12:55:04
1866,E620002L,2017-05-31 12:56:40
1867,E620002L,2017-05-31 13:00:03
1868,E620002L,2017-05-31 13:02:51
1869,E620002L,2017-05-31 13:06:55
1870,E620002L,2017-05-31 13:09:08
1871,E620002R,2017-05-31 13:13:25
1872,E620002L,2017-05-31 13:15:55
1873,E620002L,2017-05-31 13:24:07
1874,E620004L,2017-05-31 13:26:08
1875,E620002L,2017-05-31 13:27:01
1876,E551010R,2017-05-31 13:52:02
1877,E620002L,2017-05-31 13:55:48
1878,E551010L,2017-05-31 15:24:35
1879,E551010R,2017-05-31 15:24:35
1880,E620002L,2017-05-31 15:40:46
1881,E620002L,2017-05-31 15:47:48
1882,E620002L,2017-05-31 15:52:10
1883,E620002L,2017-05-31 15:56:35
1884,E620002L,2017-05-31 15:58:37
1885,E620002L,2017-05-31 16:02:51
1886,E620007R,2017-05-31 16:02:51
1887,E620005L,2017-05-31 16:12:02
1888,E620002L,2017-05-31 16:20:02
1889,E620002R,2017-05-31 16:20:30
1890,E620003R,2017-05-31 16:55:28
1891,E551010L,2017-05-31 16:55:41
1892,E600003L,2017-05-31 19:48:48
1893,E620003L,2017-05-31 19:48:48
1894,E551010R,2017-05-31 19:49:41
1895,E551010L,2017-05-31 21:24:38
1896,E605179R,2017-05-31 21:24:38
1897,E620003R,2017-05-31 21:24:38
1898,E551010L,2017-05-31 22:23:29
1899,E551010R,2017-05-31 22:23:29
1900,E620002L,2017-05-31 22:36:14
1901,E620002L,2017-05-31 22:40:18
1902,E620002R,2017-05-31 22:46:11
1903,E620002L,2017-06-01 01:29:21
1904,E620002R,2017-06-01 01:29:21
1905,E620002R,2017-06-01 01:34:33
1906,E620002L,2017-06-01 05:32:59
1907,E620002R,2017-06-01 05:33:01
1908,E620002R,2017-06-01 13:00:18
1909,E620002L,2017-06-01 13:00:43
1910,E620003R,2017-06-01 13:03:43
1911,E620002R,2017-06-01 13:04:24
1912,E600003R,2017-06-01 14:44:57
1913,E620003R,2017-06-01 14:44:58
1914,E551010L,2017-06-01 14:45:23
1915,E600003L,2017-06-01 15:44:11
1916,E620003L,2017-06-01 15:44:12
1917,E551010R,2017-06-01 15:44:21
1918,E620003R,2017-06-02 01:00:33
1919,E551010L,2017-06-02 01:04:55
1920,E551092L,2017-06-02 01:59:34
1921,E620002L,2017-06-02 02:02:31
1922,E551010R,2017-06-02 02:04:19
1923,E620002L,2017-06-02 02:05:01
1924,E551092L,2017-06-02 02:07:14
1925,E551010R,2017-06-02 02:07:19
1926,E620002L,2017-06-02 02:09:55
1927,E620002L,2017-06-02 04:37:09
1928,E620002L,2017-06-02 05:28:10
1929,E620002R,2017-06-02 05:28:16
1931,E620003R,2017-06-02 16:31:09
1930,E600003R,2017-06-02 16:31:09
1932,E551010L,2017-06-02 16:33:39
1933,E620003R,2017-06-02 16:35:37
1935,E620003L,2017-06-02 17:02:28
1934,E551010R,2017-06-02 17:02:28
1936,E620003L,2017-06-02 17:04:47
1937,E600003R,2017-06-03 05:24:09
1938,E620003R,2017-06-03 05:24:09
1939,E551010L,2017-06-03 05:24:54
1940,E620002L,2017-06-03 06:20:56
1941,E620002R,2017-06-03 06:20:58
1942,E600003L,2017-06-03 13:48:56
1943,E620003L,2017-06-03 13:48:56
1944,E600102R,2017-06-03 13:53:50
1945,E551092R,2017-06-03 18:17:51
1946,E551010L,2017-06-03 18:18:47
1947,E551010L,2017-06-03 18:21:30
1948,E551092R,2017-06-03 18:23:06
1949,E551010L,2017-06-03 18:26:54
1950,E620002R,2017-06-03 18:29:05
1951,E551092R,2017-06-03 18:31:18
1952,E551010L,2017-06-03 18:31:37
1953,E620002R,2017-06-03 18:33:02
1954,E551092R,2017-06-03 18:36:37
1955,E551010L,2017-06-03 18:37:26
1956,E620002R,2017-06-03 18:38:45
1957,E620002R,2017-06-03 18:41:58
25,-1,2017-06-03 19:00:00
1958,E620002L,2017-06-03 20:46:57
1959,E620002R,2017-06-03 20:47:03
1960,E620002R,2017-06-03 20:49:51
1961,E620002L,2017-06-04 00:59:33
1962,E620002R,2017-06-04 01:00:00
1963,E620002R,2017-06-05 08:28:37
1964,E620002L,2017-06-05 08:28:51
1965,E620002L,2017-06-05 08:31:15
1966,E620002R,2017-06-05 08:31:18
1967,E620002R,2017-06-05 09:22:58
1968,E620002L,2017-06-05 09:23:01
1969,E620003L,2017-06-05 09:24:04
1970,E620002L,2017-06-05 09:25:38
1971,E620002R,2017-06-05 09:26:00
1972,E620002L,2017-06-05 09:50:42
1973,E620002R,2017-06-05 09:52:52
1974,E620002L,2017-06-05 09:58:28
1975,E620003R,2017-06-05 18:01:34
1976,E620003L,2017-06-05 18:11:42
1977,E620003R,2017-06-05 18:11:45
1978,E620002R,2017-06-05 18:12:21
1979,E620002L,2017-06-06 10:18:37
1980,E620002R,2017-06-06 10:18:42
1981,E620002L,2017-06-06 16:14:30
1982,E620002R,2017-06-06 16:14:35
1983,E620002L,2017-06-06 19:39:01
1984,E620002R,2017-06-06 19:39:06
1985,E620002L,2017-06-07 02:31:13
1986,E620002R,2017-06-07 02:31:13
1987,E620002L,2017-06-07 02:38:30
1988,E620002L,2017-06-07 02:43:31
1989,E600003L,2017-06-07 03:19:38
1990,E620003L,2017-06-07 03:19:38
1991,E551010R,2017-06-07 03:23:01
1992,E620002R,2017-06-07 03:23:49
1993,E551010L,2017-06-07 07:21:23
1994,E632501R,2017-06-07 07:25:25
1995,E632501R,2017-06-07 08:25:45
1996,E551010L,2017-06-07 08:26:54
1997,E632501R,2017-06-07 08:41:32
1998,E551010L,2017-06-07 08:42:12
1999,E600003L,2017-06-07 10:05:34
2000,E620003L,2017-06-07 10:05:34
2001,E632501R,2017-06-07 12:45:32
2002,E551010L,2017-06-07 12:46:20
2003,E632501R,2017-06-07 13:10:34
2004,E551010L,2017-06-07 13:11:44
2005,E632501R,2017-06-07 13:24:27
2006,E551010L,2017-06-07 13:25:31
2007,E632501R,2017-06-07 14:52:09
2008,E551010L,2017-06-07 14:53:23
26,-1,2017-06-07 15:00:00
2009,E620003L,2017-06-07 23:26:29
2010,E600003R,2017-06-08 01:17:19
2011,E620003R,2017-06-08 01:17:19
2012,E551010L,2017-06-08 01:18:42
2013,E600003R,2017-06-08 01:30:40
2014,E620003R,2017-06-08 01:30:41
2015,E551010L,2017-06-08 01:31:39
2016,E620002L,2017-06-08 02:18:23
2017,E620002R,2017-06-08 02:19:11
2018,E620002R,2017-06-08 08:09:27
2019,E620002L,2017-06-08 08:09:44
2020,E620002L,2017-06-08 08:13:12
2021,E620002L,2017-06-08 08:49:20
2022,E620002R,2017-06-08 08:50:14
2023,E620002R,2017-06-08 08:52:33
2024,E620002L,2017-06-08 14:23:29
2025,E620002R,2017-06-08 14:23:46
2026,E620003L,2017-06-09 00:43:51
2027,E620002L,2017-06-09 00:44:51
2028,E620002L,2017-06-09 10:28:56
2029,E620002R,2017-06-09 10:29:03
2030,E632307R,2017-06-09 10:48:58
2031,E620002L,2017-06-09 11:24:13
2032,E620002R,2017-06-09 11:24:28
2033,E551010L,2017-06-09 12:04:42
2034,E632304R,2017-06-09 12:04:42
2035,E620002L,2017-06-09 12:05:13
2036,E620002R,2017-06-09 12:07:01
2037,E551010R,2017-06-09 13:50:35
2038,E551010L,2017-06-09 13:50:36
2040,E551010R,2017-06-09 14:37:12
2039,E551010L,2017-06-09 14:37:12
2041,E620002L,2017-06-09 14:40:33
2042,E620002R,2017-06-09 14:40:43
2043,E632501R,2017-06-09 16:26:51
2044,E551010L,2017-06-09 16:27:01
2045,E551010L,2017-06-09 16:47:21
2046,E632501R,2017-06-09 16:47:21
2047,E551010L,2017-06-09 16:50:32
2048,E632307R,2017-06-09 16:50:32
2049,E620002L,2017-06-09 16:52:47
2050,E620002R,2017-06-09 16:52:58
2051,E620002L,2017-06-09 16:58:48
2052,E620002R,2017-06-09 16:59:22
2053,E620002R,2017-06-09 17:03:21
2054,E551010L,2017-06-09 17:05:32
2055,E632434R,2017-06-09 17:05:32
2056,E551010R,2017-06-09 17:06:36
2057,E632234L,2017-06-09 17:06:36
2058,E551010L,2017-06-09 17:18:01
2059,E632501R,2017-06-09 17:19:09
2060,E551010L,2017-06-09 17:36:06
2061,E632501R,2017-06-09 17:37:03
2062,E632501R,2017-06-09 20:43:04
2063,E551010L,2017-06-09 20:45:34
2064,E620002L,2017-06-09 22:39:23
2065,E620002R,2017-06-09 22:39:23
2066,E620002R,2017-06-09 22:41:24
2067,E620002L,2017-06-09 22:41:52
27,-1,2017-06-09 22:45:00
2068,E620002L,2017-06-10 01:23:47
2069,E620002R,2017-06-10 03:55:04
2070,E620002R,2017-06-10 03:57:34
2071,E620002L,2017-06-10 03:58:14
2072,E620003L,2017-06-10 04:01:23
2073,E620002L,2017-06-10 04:01:26
2074,E620002R,2017-06-10 04:02:35
2075,E620002R,2017-06-10 04:08:32
2076,E620002R,2017-06-10 05:41:46
2077,E551010L,2017-06-10 07:07:14
2078,E632501R,2017-06-10 07:07:14
2079,E551502L,2017-06-10 07:09:53
2080,E620002R,2017-06-10 09:02:36
2081,E551010L,2017-06-10 09:27:33
2082,E632501R,2017-06-10 09:27:42
2083,E551010L,2017-06-10 09:33:12
2084,E632501R,2017-06-10 09:33:46
2085,E620002L,2017-06-10 09:57:07
2086,E620002R,2017-06-10 09:57:12
28,-1,2017-06-10 10:00:00
2087,E632205L,2017-06-10 11:08:08
2088,E551010R,2017-06-10 11:08:44
2089,E620002L,2017-06-10 13:00:42
2090,E620003L,2017-06-10 13:34:58
2091,E600003L,2017-06-10 13:35:03
2092,E551010R,2017-06-10 13:35:22
2093,E551010R,2017-06-10 13:54:46
2094,E620003L,2017-06-10 13:54:47
2095,E620002L,2017-06-10 17:03:04
2096,E620002R,2017-06-10 17:03:11
2097,E620002R,2017-06-10 17:09:09
2098,E620002R,2017-06-11 02:49:55
2099,E620002L,2017-06-12 08:39:17
2100,E620002R,2017-06-12 08:39:17
2101,E620002R,2017-06-12 08:41:26
2102,E620002L,2017-06-12 08:41:28
2103,E620002L,2017-06-12 08:44:22
2104,E620003R,2017-06-12 08:44:38
2105,E620002L,2017-06-12 09:00:55
2106,E620002R,2017-06-12 09:01:27
2107,E620002L,2017-06-12 09:55:20
2108,E620003L,2017-06-12 10:07:26
2109,E620002L,2017-06-12 10:07:42
2110,E620002R,2017-06-12 10:07:44
2111,E620002R,2017-06-12 11:24:29
2112,E551010L,2017-06-12 12:03:35
2113,E620003R,2017-06-12 12:03:35
2114,E600003R,2017-06-12 15:06:33
2116,E620003R,2017-06-12 15:06:34
2115,E551010L,2017-06-12 15:06:34
2117,E620002R,2017-06-12 15:07:54
2118,E620007L,2017-06-12 15:08:00
2119,E620002R,2017-06-12 15:11:23
2120,E620002R,2017-06-12 15:32:03
2121,E620002R,2017-06-12 15:45:42
2122,E620002R,2017-06-12 16:04:52
2123,E620002R,2017-06-12 16:09:38
2124,E620002L,2017-06-12 16:12:28
2125,E620002R,2017-06-12 16:16:49
2126,E600003L,2017-06-12 16:32:45
2127,E620003L,2017-06-12 16:32:46
2128,E551010R,2017-06-12 16:46:19
2130,E620003L,2017-06-12 16:51:36
2129,E600003L,2017-06-12 16:51:36
2131,E551010R,2017-06-12 17:03:22
2132,E620002L,2017-06-12 17:05:15
2133,E620002L,2017-06-12 18:20:57
2134,E620002L,2017-06-12 18:25:11
2135,E620002R,2017-06-12 18:25:28
2136,E551010L,2017-06-12 18:48:45
2137,E620003R,2017-06-12 18:48:46
2139,E632501R,2017-06-12 20:39:10
2138,E551010L,2017-06-12 20:39:10
2140,E632501R,2017-06-12 21:11:41
2141,E551010L,2017-06-12 21:13:19
2143,E620002R,2017-06-13 01:13:25
2142,E620002L,2017-06-13 01:13:25
2144,E620002R,2017-06-13 01:15:28
2145,E620002R,2017-06-13 02:21:50
2146,E620002L,2017-06-13 02:21:51
2147,E632501R,2017-06-13 02:36:06
2148,E551010L,2017-06-13 02:39:24
2149,E632434R,2017-06-13 04:28:45
2150,E551010L,2017-06-13 04:30:07
2151,E620002R,2017-06-13 04:32:58
2152,E620002L,2017-06-13 05:38:43
2153,E620002R,2017-06-13 05:38:44
2154,E620002R,2017-06-13 05:42:11
2155,E620002L,2017-06-13 05:45:04
2156,E620003L,2017-06-13 12:27:37
2157,E620002L,2017-06-13 12:27:52
2158,E600003R,2017-06-13 18:38:09
2159,E620003R,2017-06-13 18:38:10
2160,E551010L,2017-06-13 18:38:25
2161,E620003R,2017-06-13 19:13:08
2162,E551010L,2017-06-13 19:13:44
2163,E620003R,2017-06-14 01:21:50
2164,E551010L,2017-06-14 01:22:25
29,-1,2017-06-14 08:00:00
2165,E620002L,2017-06-14 10:13:51
2166,E620002R,2017-06-14 10:13:58
2167,E551010R,2017-06-14 10:33:36
2168,E632104L,2017-06-14 10:33:36
2169,E551010R,2017-06-14 15:52:46
2170,E620003L,2017-06-14 15:52:46
2171,E620002L,2017-06-15 01:54:14
2172,E620002R,2017-06-15 01:54:16
2173,E620002L,2017-06-15 08:09:35
2174,E620002R,2017-06-15 08:10:08
2175,E551010R,2017-06-15 13:09:07
2176,E632104L,2017-06-15 13:12:15
2177,E620002L,2017-06-15 16:45:33
2178,E620002R,2017-06-15 16:45:42
2180,E620002R,2017-06-16 01:02:13
2179,E620002L,2017-06-16 01:02:13
2181,E620002L,2017-06-16 01:10:01
2182,E620002R,2017-06-16 01:10:55
2183,E620003R,2017-06-16 01:11:09
2184,E620002R,2017-06-16 03:59:20
2185,E620002L,2017-06-16 06:36:55
2186,E620002R,2017-06-16 06:37:22
2187,E620002L,2017-06-16 09:40:30
2188,E620002R,2017-06-16 09:40:35
2189,E620002L,2017-06-16 09:55:12
2190,E620002R,2017-06-16 10:31:45
2191,E551010R,2017-06-16 10:46:07
2192,E632107L,2017-06-16 10:46:07
2193,E551010R,2017-06-16 15:40:15
2194,E632234L,2017-06-16 15:40:16
2195,E620002L,2017-06-16 15:40:59
2196,E551010R,2017-06-16 15:42:43
2197,E620002L,2017-06-16 15:45:46
2198,E620002R,2017-06-16 15:46:22
2199,E620002L,2017-06-16 15:48:39
2200,E551010R,2017-06-16 15:50:09
2201,E632107L,2017-06-16 15:50:09
2202,E632234L,2017-06-16 15:51:29
2204,E632234L,2017-06-16 15:56:45
2203,E551010R,2017-06-16 15:56:45
2205,E551010R,2017-06-16 16:52:06
2206,E632104L,2017-06-16 16:52:06
2207,E551010L,2017-06-16 17:53:12
2208,E632434R,2017-06-16 17:53:12
2209,E620002R,2017-06-16 17:54:17
2210,E620002L,2017-06-16 17:55:17
2211,E620002R,2017-06-16 17:56:31
2212,E551010R,2017-06-16 17:57:12
2213,E632237L,2017-06-16 17:57:13
2214,E620002L,2017-06-16 17:57:50
2215,E632233L,2017-06-16 18:26:22
30,-1,2017-06-16 18:27:57
2216,E551010R,2017-06-16 18:29:52
2217,E620002L,2017-06-16 18:34:10
2218,E551010L,2017-06-16 18:35:38
2219,E632434R,2017-06-16 18:35:38
2220,E600003R,2017-06-16 19:09:44
2221,E620003R,2017-06-16 19:09:44
2222,E620002L,2017-06-16 19:27:23
2223,E620002R,2017-06-16 19:27:27
2224,E620003R,2017-06-17 00:35:53
2225,E620002L,2017-06-17 02:05:28
2226,E620002R,2017-06-17 02:05:29
2227,E620002L,2017-06-17 02:11:17
2228,E620002L,2017-06-17 02:19:59
2229,E620002L,2017-06-17 02:26:46
2230,E600003R,2017-06-17 05:47:43
2231,E620003R,2017-06-17 05:47:43
2232,E551010L,2017-06-17 05:47:57
2234,E620003R,2017-06-17 06:52:46
2233,E551010L,2017-06-17 06:52:46
2235,E620002L,2017-06-17 07:18:19
2236,E620002R,2017-06-17 07:18:49
2237,E600003R,2017-06-17 15:50:21
2238,E620003R,2017-06-17 15:50:21
2239,E551010L,2017-06-17 15:50:30
2240,E600003L,2017-06-17 22:03:20
2241,E620003L,2017-06-17 22:03:20
2242,E551010R,2017-06-17 22:04:00
2243,E620002L,2017-06-18 04:41:23
2244,E620002R,2017-06-18 04:41:30
2245,E620002L,2017-06-18 04:44:02
2246,E620002R,2017-06-18 04:44:35
31,-1,2017-06-19 08:21:44
2247,E620002L,2017-06-19 08:29:05
2248,E620002R,2017-06-19 08:29:06
2249,E620002R,2017-06-19 08:32:25
2250,E620002L,2017-06-19 08:32:28
2251,E620002L,2017-06-19 08:59:28
2252,E620002R,2017-06-19 08:59:49
2253,E620002L,2017-06-19 09:19:52
2254,E620002R,2017-06-19 09:22:53
2255,E620002L,2017-06-19 16:11:48
2256,E620002L,2017-06-19 16:14:04
2257,E620002R,2017-06-19 16:14:06
2258,E600003R,2017-06-19 16:27:36
2259,E620003R,2017-06-19 16:27:36
2260,E551010L,2017-06-19 16:28:06
2261,E620002R,2017-06-19 16:29:16
2262,E632234L,2017-06-19 17:16:38
2263,E551010R,2017-06-19 17:18:17
2264,E620002L,2017-06-19 21:58:01
2265,E620002R,2017-06-19 21:59:48
2266,E620002R,2017-06-19 22:02:11
2267,E620003L,2017-06-19 22:04:06
2268,E620002L,2017-06-19 22:04:24
2269,E620002R,2017-06-19 22:05:31
2270,E620002R,2017-06-19 22:07:34
2271,E620002L,2017-06-20 03:09:16
2272,E620002L,2017-06-20 03:22:42
2273,E620002R,2017-06-20 03:24:15
2274,E551506R,2017-06-20 13:18:44
2275,E551010L,2017-06-20 13:19:40
2276,E620002L,2017-06-20 17:38:36
2277,E620002R,2017-06-20 17:38:42
2278,E620002L,2017-06-20 22:47:01
2279,E620002R,2017-06-20 22:47:01
2280,E620002L,2017-06-21 00:41:58
2281,E632234L,2017-06-21 00:46:48
2282,E551010R,2017-06-21 00:48:46
2283,E632234L,2017-06-21 00:54:07
32,-1,2017-06-21 00:55:35
2284,E551010R,2017-06-21 00:56:03
2285,E620002L,2017-06-21 01:15:18
2286,E620002R,2017-06-21 01:15:18
2287,E620002R,2017-06-21 01:17:26
2288,E620002R,2017-06-21 01:21:17
2289,E551092L,2017-06-21 01:26:02
2290,E551010R,2017-06-21 01:26:19
2291,E620002L,2017-06-21 08:00:50
2292,E620002R,2017-06-21 08:00:50
2293,E620002L,2017-06-21 08:02:59
2294,E620002R,2017-06-21 08:03:32
2295,E620002L,2017-06-21 10:02:51
2296,E620002R,2017-06-21 10:02:59
2297,E551092R,2017-06-21 10:41:29
2298,E551010L,2017-06-21 10:41:45
2299,E600003L,2017-06-21 21:10:27
2300,E620003L,2017-06-21 21:10:28
2301,E551010R,2017-06-21 21:12:31
2302,E620002L,2017-06-21 22:27:50
2303,E620002R,2017-06-21 22:27:51
2304,E620002L,2017-06-22 01:04:42
2305,E620002R,2017-06-22 01:04:43
2306,E620002R,2017-06-22 01:06:53
2307,E620002R,2017-06-22 01:09:47
2308,E620002L,2017-06-22 01:13:11
2309,E620002R,2017-06-22 01:15:26
2310,E620002L,2017-06-22 01:19:37
2311,E620002R,2017-06-22 01:19:50
2312,E620002R,2017-06-22 01:24:15
2313,E620002L,2017-06-22 01:26:00
2314,E620002R,2017-06-22 11:36:07
2315,E600003L,2017-06-22 11:58:52
2316,E620003L,2017-06-22 11:58:53
2317,E551010R,2017-06-22 11:59:08
33,-1,2017-06-22 23:42:27
2318,E620002L,2017-06-23 01:50:06
2319,E620002R,2017-06-23 01:50:11
2320,E620002R,2017-06-23 01:53:21
2321,E620002L,2017-06-23 01:53:22
2322,E620003L,2017-06-23 01:57:01
2323,E620002R,2017-06-23 03:03:38
2324,E620003R,2017-06-23 03:07:50
2325,E620002L,2017-06-23 04:53:40
2326,E620002R,2017-06-23 04:53:41
2327,E620002L,2017-06-23 04:58:27
2329,E632201L,2017-06-23 05:34:36
2328,E551010R,2017-06-23 05:34:36
2330,E620002L,2017-06-23 05:36:43
2331,E620002L,2017-06-23 05:41:11
2332,E632201L,2017-06-23 05:41:44
2333,E551010R,2017-06-23 05:42:31
2334,E620002L,2017-06-23 05:43:18
2335,E551010R,2017-06-23 05:49:35
2336,E632201L,2017-06-23 05:49:35
2337,E620002L,2017-06-23 05:51:00
2338,E551010R,2017-06-23 05:53:34
2339,E551010R,2017-06-23 05:58:22
2340,E632201L,2017-06-23 05:58:23
2341,E620002R,2017-06-23 06:00:08
2342,E551010R,2017-06-23 06:04:05
2343,E632201L,2017-06-23 06:04:05
2344,E620002R,2017-06-23 06:08:01
2345,E620002L,2017-06-23 06:19:15
2347,E620002R,2017-06-23 07:20:14
2346,E620002L,2017-06-23 07:20:14
2348,E620002R,2017-06-23 07:29:17
2349,E632501R,2017-06-23 08:10:10
2350,E551010L,2017-06-23 08:10:25
2351,E551010L,2017-06-23 08:42:00
2352,E620003R,2017-06-23 08:42:00
2353,E551010L,2017-06-23 12:06:28
2354,E632501R,2017-06-23 12:06:29
2355,E632501R,2017-06-23 12:41:23
34,-1,2017-06-23 12:42:51
2356,E620002L,2017-06-23 13:05:18
2357,E620002R,2017-06-23 13:05:40
2358,E620003R,2017-06-23 15:20:59
2359,E620002L,2017-06-23 17:52:08
2360,E620002R,2017-06-23 17:52:26
2361,E551092L,2017-06-23 18:07:55
2362,E551010R,2017-06-23 18:09:02
2363,E632405R,2017-06-23 22:09:54
2364,E551010L,2017-06-23 22:10:23
2365,E551010R,2017-06-24 02:35:42
2366,E620003L,2017-06-24 02:35:42
2367,E530020L,2017-06-24 04:13:58
2368,E551010R,2017-06-24 05:11:41
2369,E620003L,2017-06-24 05:11:41
2370,E620002L,2017-06-24 07:37:15
2371,E620002R,2017-06-24 07:37:34
2372,E620002R,2017-06-24 07:43:32
2373,E551010L,2017-06-24 07:57:38
2374,E632501R,2017-06-24 07:58:59
2376,E620003L,2017-06-24 08:28:35
2375,E600003L,2017-06-24 08:28:35
2377,E551010R,2017-06-24 08:28:50
2378,E620002L,2017-06-24 22:18:00
2379,E620002R,2017-06-24 22:18:02
2380,E620003R,2017-06-24 22:20:03
2381,E620003R,2017-06-25 02:03:42
2382,E620002R,2017-06-25 02:07:21
2383,E620002R,2017-06-25 02:09:48
2384,E620002L,2017-06-25 03:43:35
2385,E620002R,2017-06-25 03:43:48
2386,E600003R,2017-06-25 05:16:24
2387,E551010L,2017-06-25 05:16:25
2388,E620003R,2017-06-25 05:16:25
2389,E620002R,2017-06-25 05:17:14
2390,E620002R,2017-06-25 05:19:15
2391,E620002R,2017-06-25 06:39:37
2392,E620002L,2017-06-25 06:39:38
2393,E620003L,2017-06-25 06:41:49
2394,E632234L,2017-06-25 07:41:11
2395,E551010R,2017-06-25 07:42:05
2396,E620002L,2017-06-25 07:45:43
2397,E620002L,2017-06-25 07:53:44
35,-1,2017-06-26 08:08:41
2398,E620002L,2017-06-26 08:30:42
2399,E620002R,2017-06-26 08:30:47
2400,E620002L,2017-06-26 08:33:01
2401,E620002R,2017-06-26 08:33:05
2402,E620002L,2017-06-26 09:00:16
2403,E620002R,2017-06-26 09:00:56
2404,E620002L,2017-06-26 09:58:47
2405,E620002R,2017-06-26 10:02:06
2406,E620002L,2017-06-26 10:05:12
2407,E551010L,2017-06-26 10:50:31
2408,E632307R,2017-06-26 10:50:32
2409,E620002L,2017-06-26 10:51:05
2410,E551010L,2017-06-26 10:54:33
2411,E620002L,2017-06-26 10:56:53
2412,E620002R,2017-06-26 10:57:56
2413,E632434R,2017-06-26 11:02:27
2414,E551010L,2017-06-26 11:02:34
2415,E620002L,2017-06-26 11:04:26
2416,E620002R,2017-06-26 11:04:42
2417,E620002L,2017-06-26 15:29:20
2418,E620002R,2017-06-26 15:29:25
2419,E620002L,2017-06-26 15:51:26
2420,E551010L,2017-06-26 18:51:17
2421,E632501R,2017-06-26 18:51:52
2423,E620003L,2017-06-26 23:44:59
2422,E600003L,2017-06-26 23:44:59
2424,E551010R,2017-06-26 23:48:01
2425,E600003R,2017-06-26 23:48:02
2426,E620002L,2017-06-27 00:05:04
2427,E620002L,2017-06-27 00:10:10
2428,E620002L,2017-06-27 00:19:29
2429,E610045L,2017-06-27 00:27:31
2430,E551010R,2017-06-27 00:27:37
2431,E620002L,2017-06-27 00:28:06
2432,E620002L,2017-06-27 00:36:59
2433,E610045L,2017-06-27 00:39:08
2434,E551010R,2017-06-27 00:39:22
2435,E620002L,2017-06-27 00:40:13
2436,E620002L,2017-06-27 00:43:05
2437,E620002L,2017-06-27 00:47:15
2438,E620002R,2017-06-27 00:48:10
2439,E610045R,2017-06-27 00:54:28
2440,E620002R,2017-06-27 00:55:21
2441,E620002L,2017-06-27 00:55:54
2442,E620002R,2017-06-27 00:59:02
2443,E620002R,2017-06-27 01:02:55
2444,E610045R,2017-06-27 01:05:52
2445,E620002R,2017-06-27 01:07:42
2446,E620002R,2017-06-27 01:10:56
2447,E620002L,2017-06-27 03:40:02
2448,E620002R,2017-06-27 03:40:03
2449,E620002L,2017-06-27 05:19:33
2450,E620002R,2017-06-27 05:19:39
2451,E620002L,2017-06-27 07:51:23
2452,E620002R,2017-06-27 07:51:35
2453,E620002L,2017-06-27 08:22:33
2454,E632102L,2017-06-27 10:09:16
2455,E551010R,2017-06-27 10:09:17
2456,E632234L,2017-06-27 10:10:14
2457,E620002L,2017-06-27 10:30:05
2458,E620002R,2017-06-27 10:30:13
2459,E620002R,2017-06-27 10:36:48
2460,E620002R,2017-06-27 11:51:49
2461,E551010L,2017-06-27 12:57:27
2462,E620003R,2017-06-27 12:57:27
2463,E551502R,2017-06-27 12:57:37
2464,E620002R,2017-06-27 12:59:03
2465,E530020R,2017-06-27 13:02:47
2466,E620002R,2017-06-27 13:05:02
2467,E620002L,2017-06-27 13:35:42
2468,E620002R,2017-06-27 13:35:45
2469,E620002L,2017-06-27 13:39:40
2470,E620003R,2017-06-27 15:33:13
2471,E620002R,2017-06-27 15:33:27
2472,E620002L,2017-06-27 15:33:37
2473,E600003R,2017-06-27 16:51:12
2474,E620003R,2017-06-27 16:51:13
2475,E551010L,2017-06-27 16:52:13
2476,E620002L,2017-06-27 21:25:07
2477,E620002L,2017-06-27 21:45:47
2478,E620002L,2017-06-27 21:48:36
2479,E620002R,2017-06-27 21:48:39
2480,E620002R,2017-06-27 21:50:49
2481,E620002L,2017-06-28 02:51:08
2482,E620002R,2017-06-28 02:54:31
2483,E620003R,2017-06-28 02:56:30
2484,E620002R,2017-06-28 02:58:52
2485,E551010R,2017-06-28 04:33:47
2486,E620003L,2017-06-28 04:33:47
2487,E620002L,2017-06-28 09:55:32
2488,E620002R,2017-06-28 09:55:35
2489,E551010L,2017-06-28 18:12:01
2490,E620003R,2017-06-28 18:12:01
2491,E620002L,2017-06-28 18:59:14
2492,E620002R,2017-06-28 18:59:14
2494,E620002R,2017-06-29 07:33:09
2493,E620002L,2017-06-29 07:33:09
2495,E551092L,2017-06-29 08:58:10
2496,E620002L,2017-06-29 08:58:38
2497,E620002R,2017-06-30 13:29:47
2498,E620002L,2017-06-30 13:34:03
2499,E620002R,2017-06-30 13:38:41
2500,E551502R,2017-06-30 15:27:50
2501,E551010L,2017-06-30 15:28:15
2503,E620003L,2017-06-30 19:38:28
2502,E551010R,2017-06-30 19:38:28
2504,E620002L,2017-06-30 19:51:33
2505,E620002R,2017-06-30 19:51:42
2506,E620002L,2017-06-30 23:19:27
2507,E620002R,2017-06-30 23:19:32
36,-1,2017-07-01 18:28:22
2508,E620002L,2017-07-03 08:31:29
2509,E620002R,2017-07-03 08:31:43
2510,E620002R,2017-07-03 08:35:42
2511,E620002L,2017-07-03 08:36:04
2512,E620002L,2017-07-03 09:04:40
2513,E620002R,2017-07-03 09:04:54
2514,E620002L,2017-07-03 09:22:51
2515,E620002L,2017-07-03 09:25:59
2516,E620002R,2017-07-03 09:26:11
2517,E620002R,2017-07-03 09:28:42
2518,E620002L,2017-07-03 09:36:34
2519,E620002R,2017-07-03 09:36:45
2520,E620002L,2017-07-03 09:54:33
2521,E620002L,2017-07-03 11:04:10
2522,E620002L,2017-07-03 14:10:58
2523,E620002R,2017-07-03 14:11:04
2524,E600003R,2017-07-03 16:52:14
2525,E620003R,2017-07-03 16:52:16
2526,E551010L,2017-07-03 16:53:03
2527,E620002L,2017-07-03 17:14:23
2528,E620002R,2017-07-03 17:14:36
2529,E620003R,2017-07-03 17:25:39
2530,E620002R,2017-07-03 17:26:00
2531,E600003L,2017-07-03 19:10:32
2532,E620003L,2017-07-03 19:10:32
2533,E551010R,2017-07-03 19:11:10
2534,E620003L,2017-07-03 19:14:17
2535,E620002R,2017-07-03 19:17:39
2537,E632108L,2017-07-03 19:22:45
2536,E551010R,2017-07-03 19:22:45
2538,E632234L,2017-07-03 19:26:39
2539,E551010R,2017-07-03 19:28:37
2540,E600003R,2017-07-03 19:44:09
2541,E620003R,2017-07-03 19:44:09
2542,E551010L,2017-07-03 19:45:10
2543,E600003R,2017-07-03 19:55:39
2544,E620003R,2017-07-03 19:55:39
2545,E551010L,2017-07-03 19:56:23
2546,E551502R,2017-07-03 20:00:10
2547,E551010L,2017-07-03 20:01:11
2549,E620003L,2017-07-04 01:10:53
2548,E551010R,2017-07-04 01:10:53
2551,E620002R,2017-07-04 03:38:21
2550,E620002L,2017-07-04 03:38:21
2552,E620002L,2017-07-04 03:55:50
2553,E620002R,2017-07-04 03:57:23
2554,E620002L,2017-07-04 03:58:42
2555,E620002L,2017-07-04 05:48:56
2556,E620002R,2017-07-04 05:49:56
2557,E620002L,2017-07-04 05:51:46
2558,E620002R,2017-07-04 05:52:50
2559,E620002L,2017-07-04 05:54:12
2560,E620002L,2017-07-04 06:26:48
2562,E620002R,2017-07-04 07:08:51
2561,E620002L,2017-07-04 07:08:51
2563,E620002R,2017-07-04 07:15:49
2564,E620002L,2017-07-04 08:16:04
2565,E620002L,2017-07-04 10:13:03
2566,E620002R,2017-07-04 10:13:05
2567,E600003L,2017-07-04 10:19:44
2568,E620003L,2017-07-04 10:19:44
2569,E551010R,2017-07-04 10:20:29
2570,E551010L,2017-07-04 12:31:59
2571,E620003R,2017-07-04 12:32:00
2572,E620002L,2017-07-04 13:47:59
2573,E620002R,2017-07-04 13:48:04
2574,E620002L,2017-07-04 15:02:39
2575,E620002R,2017-07-04 17:15:40
2576,E620002L,2017-07-04 17:18:25
2577,E620002R,2017-07-04 17:18:28
2578,E620002L,2017-07-04 17:44:28
2579,E620003L,2017-07-04 17:45:36
2580,E620002R,2017-07-04 17:46:05
2581,E551010R,2017-07-04 20:04:31
2582,E620003L,2017-07-04 20:04:33
2583,E551010R,2017-07-04 23:48:19
2584,E620003L,2017-07-04 23:48:19
2585,E620002L,2017-07-05 02:33:12
2586,E620002R,2017-07-05 02:33:13
2587,E620002L,2017-07-05 07:35:50
2588,E620002R,2017-07-05 07:35:56
2589,E551010L,2017-07-05 08:25:53
2590,E632501R,2017-07-05 08:25:54
2591,E551010L,2017-07-05 09:24:44
2592,E632501R,2017-07-05 09:24:44
2593,E620002L,2017-07-05 11:02:31
2594,E620002R,2017-07-05 11:02:57
2595,E551010R,2017-07-05 15:29:09
2596,E620003L,2017-07-05 15:29:09
2597,E620002R,2017-07-05 16:05:13
2598,E620002L,2017-07-05 16:07:06
2599,E620002L,2017-07-05 18:34:51
2600,E620002R,2017-07-05 18:34:53
2601,E620002L,2017-07-06 11:20:14
2602,E620002R,2017-07-06 11:20:15
2603,E620002L,2017-07-06 15:33:11
2604,E620002R,2017-07-06 15:33:23
2605,E600003L,2017-07-07 03:18:14
2606,E620003L,2017-07-07 03:18:14
2607,E551010R,2017-07-07 03:19:16
2608,E551010R,2017-07-07 07:18:25
2609,E620003L,2017-07-07 07:18:25
2610,E620002L,2017-07-07 08:45:16
2611,E620002R,2017-07-07 08:45:23
2612,E620002R,2017-07-07 08:52:47
2613,E551010L,2017-07-07 11:14:23
2614,E551010R,2017-07-07 11:14:23
2615,E551010L,2017-07-07 11:47:47
2616,E551010R,2017-07-07 11:47:47
2617,E620002L,2017-07-07 11:51:00
2618,E620002R,2017-07-07 11:51:02
2619,E620002L,2017-07-07 16:06:58
2620,E620002R,2017-07-07 16:07:01
2621,E620002L,2017-07-07 16:09:02
2622,E620002L,2017-07-07 19:02:54
2623,E620002R,2017-07-07 19:02:55
2624,E620002L,2017-07-07 23:19:25
2625,E620002L,2017-07-08 01:51:43
2626,E620002R,2017-07-08 01:51:43
2627,E620002R,2017-07-08 01:56:12
2629,E620003R,2017-07-08 08:36:34
2628,E551010L,2017-07-08 08:36:34
2630,E600003R,2017-07-08 11:54:33
2631,E620003R,2017-07-08 11:54:33
2632,E551010L,2017-07-08 11:54:39
2633,E600003L,2017-07-08 13:06:54
2634,E620003L,2017-07-08 13:06:54
2635,E551010R,2017-07-08 13:07:34
2636,E551092L,2017-07-08 15:46:50
2637,E620002L,2017-07-08 15:49:45
2639,E620003R,2017-07-09 00:15:54
2638,E600003R,2017-07-09 00:15:54
2640,E551010L,2017-07-09 00:16:06
37,-1,2017-07-10 08:14:49
2641,E620002L,2017-07-10 08:38:17
2642,E620002R,2017-07-10 08:38:20
2643,E620002L,2017-07-10 08:41:26
2644,E620002R,2017-07-10 08:41:30
2645,E620002L,2017-07-10 11:14:23
2646,E620002R,2017-07-10 11:14:25
2647,E551010L,2017-07-10 13:31:38
2648,E632501R,2017-07-10 13:31:59
2649,E620002R,2017-07-10 15:51:05
2650,E620002L,2017-07-10 15:52:36
2652,E632104L,2017-07-10 16:41:37
2651,E551010R,2017-07-10 16:41:37
2653,E620002L,2017-07-10 19:17:48
2654,E620002R,2017-07-10 19:17:53
2655,E620002L,2017-07-10 22:00:21
2656,E620002R,2017-07-10 22:00:21
2657,E632501R,2017-07-10 22:25:36
2658,E551010L,2017-07-10 22:25:37
2659,E620002L,2017-07-11 08:48:34
2660,E620002R,2017-07-11 08:48:37
2661,E620002L,2017-07-11 12:33:40
2662,E620002R,2017-07-11 12:33:47
2663,E620002L,2017-07-11 14:13:28
2664,E620002R,2017-07-11 14:13:43
2665,E620003L,2017-07-11 16:37:41
2666,E551502L,2017-07-11 16:37:42
2667,E551010R,2017-07-11 16:38:05
2668,E620002R,2017-07-11 21:47:04
2669,E620002L,2017-07-12 01:06:22
2670,E620002L,2017-07-12 01:12:12
2671,E620002R,2017-07-12 01:13:23
2672,E620002L,2017-07-12 01:14:45
2673,E620002L,2017-07-12 04:02:15
2674,E620002L,2017-07-12 04:06:45
2675,E620002L,2017-07-12 04:12:57
2676,E620002L,2017-07-12 06:54:02
2677,E620002R,2017-07-12 06:54:02
2678,E620002R,2017-07-12 07:00:18
2679,E551250L,2017-07-12 07:10:37
2680,E551010R,2017-07-12 07:10:38
2681,E620002L,2017-07-12 07:22:57
2682,E620002L,2017-07-12 08:45:18
2683,E620002R,2017-07-12 08:46:47
2684,E620002L,2017-07-12 10:28:16
2685,E620002R,2017-07-12 10:28:16
2686,E620003L,2017-07-12 10:32:10
2687,E620003R,2017-07-12 12:38:24
2688,E551502R,2017-07-12 12:38:34
2689,E551010L,2017-07-12 12:38:52
2690,E551010L,2017-07-12 16:24:17
2691,E632434R,2017-07-12 16:24:17
2692,E620002R,2017-07-12 16:24:50
2693,E632301R,2017-07-12 16:44:14
2694,E551010L,2017-07-12 16:44:41
2695,E632434R,2017-07-12 16:46:49
2696,E551010L,2017-07-12 16:47:23
2697,E620002R,2017-07-12 16:47:39
2698,E551010L,2017-07-12 16:51:34
2699,E620002R,2017-07-12 16:52:09
2700,E632434R,2017-07-12 16:53:31
2701,E551010L,2017-07-12 16:54:05
2702,E620002L,2017-07-12 16:55:22
2703,E632301R,2017-07-12 17:21:55
2704,E551010L,2017-07-12 17:22:22
2705,E632434R,2017-07-12 17:24:28
2706,E551010L,2017-07-12 17:25:03
2707,E620002R,2017-07-12 17:25:29
2708,E632501R,2017-07-12 18:52:25
2709,E551010L,2017-07-12 18:52:30
2710,E620002L,2017-07-12 19:04:58
2711,E551010L,2017-07-12 20:05:35
2712,E632501R,2017-07-12 20:05:48
2713,E551010L,2017-07-12 20:08:51
2714,E620002L,2017-07-13 06:47:59
2715,E620002R,2017-07-13 06:48:02
2716,E620003L,2017-07-13 06:52:26
2717,E620002L,2017-07-13 06:52:35
2718,E620002L,2017-07-13 13:13:08
2719,E620002L,2017-07-13 13:17:10
2720,E551010R,2017-07-13 13:17:40
2721,E632103L,2017-07-13 13:17:40
2722,E551010R,2017-07-13 13:28:10
2723,E632236L,2017-07-13 13:28:10
2724,E620002R,2017-07-13 13:28:43
2725,E620002L,2017-07-13 13:29:36
2726,E620002L,2017-07-13 21:23:37
2727,E620002R,2017-07-13 21:23:53
2728,E620003L,2017-07-13 21:28:22
2729,E620002L,2017-07-13 21:28:24
2730,E620002L,2017-07-13 23:09:32
2731,E620002L,2017-07-13 23:11:55
2732,E620002L,2017-07-14 00:50:59
2733,E620002R,2017-07-14 00:51:00
2734,E620002R,2017-07-14 01:22:51
2735,E620002L,2017-07-14 01:38:19
2736,E530020R,2017-07-14 01:54:31
2737,E551010L,2017-07-14 01:56:12
2738,E620002R,2017-07-14 01:57:03
2739,E620002L,2017-07-14 03:12:19
2740,E620002R,2017-07-14 03:12:19
2741,E551010L,2017-07-14 04:01:16
2742,E632436R,2017-07-14 04:01:16
2743,E551010L,2017-07-14 04:09:36
2744,E632307R,2017-07-14 04:09:45
2745,E620002L,2017-07-14 04:11:56
2746,E620002R,2017-07-14 04:14:09
2747,E620002L,2017-07-14 04:14:44
2748,E551010L,2017-07-14 04:18:00
2749,E632301R,2017-07-14 04:18:25
2750,E620002R,2017-07-14 04:19:38
2751,E620002R,2017-07-14 04:22:21
2752,E620002R,2017-07-14 04:25:05
2753,E620002L,2017-07-14 04:29:34
2754,E620002R,2017-07-14 04:30:53
2755,E620002L,2017-07-14 08:03:27
2756,E620002R,2017-07-14 08:04:18
2757,E632501R,2017-07-14 09:45:31
2758,E551010L,2017-07-14 09:45:57
2759,E551092R,2017-07-14 09:56:29
2760,E551010L,2017-07-14 09:56:45
2761,E620002R,2017-07-14 09:57:55
2762,E551010L,2017-07-14 11:41:31
2763,E632501R,2017-07-14 11:41:31
2764,E632501R,2017-07-14 11:51:00
2765,E551010L,2017-07-14 11:51:01
2766,E620002L,2017-07-14 11:59:51
2767,E620002R,2017-07-14 11:59:56
2768,E620002L,2017-07-14 12:11:20
2769,E551010L,2017-07-14 15:19:01
2770,E632501R,2017-07-14 15:19:02
2771,E620002L,2017-07-14 15:20:03
2772,E620002L,2017-07-14 16:53:25
2773,E620002R,2017-07-14 16:53:36
2774,E600003L,2017-07-14 19:11:50
2775,E620003L,2017-07-14 19:11:51
2776,E551010R,2017-07-14 19:16:05
2778,E620003R,2017-07-14 19:27:13
2777,E551010L,2017-07-14 19:27:13
2779,E610056R,2017-07-14 23:29:51
2780,E620002R,2017-07-14 23:30:43
2781,E620002R,2017-07-14 23:36:10
2782,E551010L,2017-07-15 01:05:33
2783,E632501R,2017-07-15 01:05:33
2784,E620002L,2017-07-15 03:42:44
2785,E620002R,2017-07-15 03:42:45
2786,E620003L,2017-07-15 03:49:30
2787,E620002L,2017-07-15 03:49:37
2788,E620002L,2017-07-15 16:20:00
2789,E620002R,2017-07-15 16:20:02
2791,E620002R,2017-07-15 22:43:33
2790,E620002L,2017-07-15 22:43:33
2792,E620002L,2017-07-16 02:16:51
2793,E551010R,2017-07-16 03:20:59
2794,E620003L,2017-07-16 03:21:00
2795,E620002L,2017-07-16 06:13:12
2796,E620002R,2017-07-16 06:13:13
2797,E620002L,2017-07-17 08:34:05
2798,E620002R,2017-07-17 08:35:07
2799,E620002L,2017-07-17 08:36:45
2800,E620002L,2017-07-17 15:31:52
2801,E620002R,2017-07-17 15:31:54
2802,E551010R,2017-07-17 16:48:49
2803,E620003L,2017-07-17 16:48:49
2804,E600003L,2017-07-17 18:49:04
2805,E620003L,2017-07-17 18:49:04
2806,E551010R,2017-07-17 18:50:25
2807,E620002L,2017-07-17 18:55:18
2809,E620002R,2017-07-17 21:10:27
2808,E620002L,2017-07-17 21:10:27
2810,E620002R,2017-07-17 21:16:51
2811,E620002R,2017-07-17 21:19:38
2812,E620002L,2017-07-17 23:27:09
2813,E620002R,2017-07-17 23:35:10
2814,E620002L,2017-07-17 23:35:21
2815,E620002L,2017-07-18 02:05:01
2816,E620002L,2017-07-18 02:07:11
2817,E620002R,2017-07-18 02:07:12
2818,E620002L,2017-07-18 02:16:13
2819,E620002R,2017-07-18 02:16:53
2820,E620002L,2017-07-18 02:22:48
2821,E620002R,2017-07-18 04:26:54
2822,E620002R,2017-07-18 04:29:34
2824,E620002R,2017-07-18 07:16:13
2823,E620002L,2017-07-18 07:16:13
2825,E620002R,2017-07-18 07:19:05
2826,E620003R,2017-07-18 07:22:05
2828,E620003R,2017-07-18 07:34:47
2827,E600003R,2017-07-18 07:34:47
2829,E551010L,2017-07-18 07:35:58
2830,E620003R,2017-07-18 07:38:35
2831,E551010L,2017-07-18 07:39:36
2832,E620002R,2017-07-18 07:41:44
2833,E530020R,2017-07-18 07:42:53
2834,E551010L,2017-07-18 07:43:10
2835,E620002R,2017-07-18 07:44:45
2836,E620002R,2017-07-18 07:50:47
2837,E620002L,2017-07-18 11:11:19
2838,E620002R,2017-07-18 11:11:22
2839,E551010L,2017-07-18 15:49:10
2840,E620003R,2017-07-18 15:49:12
2841,E620002L,2017-07-18 18:01:34
2842,E620002R,2017-07-18 18:01:38
2843,E551010L,2017-07-18 18:20:41
2844,E600003R,2017-07-18 18:20:41
2845,E620003R,2017-07-18 18:20:42
2846,E551010L,2017-07-18 19:16:40
2847,E632501R,2017-07-18 19:16:51
2848,E620002R,2017-07-18 19:17:16
2849,E551010L,2017-07-18 19:33:22
2850,E632501R,2017-07-18 19:35:07
2851,E551010L,2017-07-18 19:40:44
2852,E632501R,2017-07-18 19:40:57
2853,E620002L,2017-07-18 19:57:40
2854,E620002L,2017-07-18 22:13:29
2855,E620002R,2017-07-18 22:13:29
2856,E620002R,2017-07-18 22:22:23
2858,E620002R,2017-07-19 06:27:01
2857,E620002L,2017-07-19 06:27:01
2859,E620002R,2017-07-19 06:30:21
2860,E551010L,2017-07-19 08:28:35
2861,E632501R,2017-07-19 08:28:35
2862,E632501R,2017-07-19 08:52:32
2863,E551010L,2017-07-19 08:52:39
2864,E551010L,2017-07-19 09:37:26
2865,E632501R,2017-07-19 09:37:26
2866,E551010L,2017-07-19 09:48:01
2867,E632501R,2017-07-19 09:48:02
