StartTime,ErrCode,Repetition
2017/03/01 07:05:24,E620032L,1
2017/03/01 07:42:25,E620002L,1
2017/03/01 08:38:27,E630227L,2
2017/03/01 08:40:18,E630224L,1
2017/03/01 08:44:23,E630261L,1
2017/03/01 08:58:07,E630227L,1
2017/03/01 09:00:26,E630264L,1
2017/03/01 09:00:46,E620002L,1
2017/03/01 09:54:53,E620002L,1
2017/03/01 12:14:47,E620002L,1
2017/03/01 12:35:16,E630235L,1
2017/03/01 14:06:16,E620002L,1
2017/03/01 14:10:39,E620002L,1
2017/03/01 14:38:25,E601043L,1
2017/03/01 14:38:25,E620029L,1
2017/03/01 14:44:28,E620002L,1
2017/03/01 16:27:29,E620002L,1
2017/03/01 16:59:33,E602017L,1
2017/03/01 16:59:51,E620002L,2
2017/03/01 17:12:44,E620002L,1
2017/03/01 18:37:39,E630235L,2
2017/03/01 18:49:35,E630235L,1
2017/03/01 21:09:54,E620002L,1
2017/03/01 21:19:32,E620002L,1
2017/03/01 21:26:36,E620002L,1
2017/03/01 21:30:01,E620002L,1
2017/03/01 21:32:45,E620002L,1
2017/03/02 01:08:34,E620002L,1
2017/03/02 07:15:29,E620002L,1
2017/03/02 08:06:39,E620002L,2
2017/03/02 08:15:09,E620002L,1
2017/03/02 09:52:34,E620002L,1
2017/03/02 11:15:51,E620002L,1
2017/03/02 11:57:03,E620002L,1
2017/03/02 12:39:03,E620002L,1
2017/03/02 12:59:19,E620002L,1
2017/03/02 15:44:01,E630267L,1
2017/03/02 19:34:40,E620029L,1
2017/03/02 19:34:56,E601043L,1
2017/03/02 19:35:42,E620002L,1
2017/03/02 19:38:06,E620002L,3
2017/03/02 20:59:29,E602017L,1
2017/03/02 22:23:38,E620002L,1
2017/03/02 23:29:40,E620002L,1
2017/03/03 00:01:12,E620002L,1
2017/03/03 01:27:37,E620002L,1
2017/03/03 02:15:57,E630235L,1
2017/03/03 05:50:59,E620002L,1
2017/03/03 06:38:27,E620002L,3
2017/03/03 06:51:34,E620003L,1
2017/03/03 06:51:34,E620029L,1
2017/03/03 06:54:27,E601043L,1
2017/03/03 10:00:06,E620002L,1
2017/03/03 10:42:54,E620002L,1
2017/03/03 11:23:51,E620002L,1
2017/03/03 15:13:34,E630224L,1
2017/03/03 18:33:50,E630267L,1
2017/03/03 18:34:13,E620002L,1
2017/03/03 19:03:53,E630267L,1
2017/03/03 19:14:12,E620002L,2
2017/03/04 01:26:10,E620002L,2
2017/03/04 01:50:56,E602017L,1
2017/03/04 01:51:17,E620002L,2
2017/03/04 02:10:04,E620002L,1
2017/03/04 02:16:25,E602017L,2
2017/03/04 02:16:47,E620002L,2
2017/03/04 02:22:08,E620029L,1
2017/03/04 02:22:12,E601043L,1
2017/03/04 02:24:43,E602017L,2
2017/03/04 02:32:13,E620002L,1
2017/03/04 02:46:25,E602017L,1
2017/03/04 02:56:29,E620002L,1
2017/03/04 03:11:50,E620002L,1
2017/03/04 03:19:11,E620002L,2
2017/03/04 05:01:47,E620002L,1
2017/03/04 05:18:54,E620003L,1
2017/03/04 05:18:55,E620029L,1
2017/03/04 05:19:23,E550903L,1
2017/03/04 05:19:31,E620002L,1
2017/03/04 05:36:23,E602017L,1
2017/03/04 06:59:59,E620002L,1
2017/03/04 07:03:28,E620002L,2
2017/03/04 07:57:47,E620003L,1
2017/03/04 07:57:48,E620029L,1
2017/03/04 07:59:38,E550903L,1
2017/03/04 07:59:56,E620002L,1
2017/03/04 09:12:55,E620002L,2
2017/03/04 11:55:29,E620002L,1
2017/03/04 13:39:52,E620002L,1
2017/03/04 21:21:49,E620002L,1
2017/03/04 21:29:10,E620002L,1
2017/03/05 07:16:59,E620002L,1
2017/03/05 07:29:18,E620003L,1
2017/03/05 07:29:19,E620029L,1
2017/03/05 07:31:11,E620002L,1
2017/03/06 07:06:53,E620032L,1
2017/03/06 07:54:32,E620002L,1
2017/03/06 08:34:18,E630223L,1
2017/03/06 08:50:22,E620002L,1
2017/03/06 08:52:29,E620002L,3
2017/03/06 08:59:11,E620002L,2
2017/03/06 09:05:35,E620002L,1
2017/03/06 09:07:59,E620002L,1
2017/03/06 09:17:37,E620002L,1
2017/03/06 09:21:31,E620002L,1
2017/03/06 09:27:02,E630224L,1
2017/03/06 09:27:19,E620002L,1
2017/03/06 10:03:55,E630267L,2
2017/03/06 10:04:05,E620002L,1
2017/03/06 10:15:14,E630267L,1
2017/03/06 10:15:49,E620002L,1
2017/03/06 10:26:52,E630267L,1
2017/03/06 11:06:51,E620002L,1
2017/03/06 11:32:56,E620002L,2
2017/03/06 11:42:47,E630234L,1
2017/03/06 12:30:00,E620002L,1
2017/03/06 12:34:34,E620002L,1
2017/03/06 13:02:59,E620002L,2
2017/03/06 13:32:54,E620002L,1
2017/03/06 14:08:08,E630224L,1
2017/03/06 14:11:12,E620002L,1
2017/03/06 14:51:02,E620002L,1
2017/03/06 16:08:29,E630261L,1
2017/03/06 19:57:02,E630224L,1
2017/03/07 16:11:33,E620002L,1
2017/03/07 16:17:34,E620002L,1
2017/03/07 16:33:07,E630224L,1
2017/03/07 16:46:33,E630261L,1
2017/03/07 22:23:43,E620002L,1
2017/03/07 22:26:35,E620002L,1
2017/03/07 22:26:37,E620003L,1
2017/03/07 22:26:37,E620029L,1
2017/03/08 01:33:23,E620002L,2
2017/03/08 07:33:31,E620002L,1
2017/03/08 08:06:14,E630236L,2
2017/03/08 08:07:26,E630221L,1
2017/03/08 08:49:54,E630224L,1
2017/03/08 09:16:13,E620002L,1
2017/03/08 09:41:55,E630261L,1
2017/03/08 11:12:34,E630261L,1
2017/03/08 11:23:34,E630261L,1
2017/03/08 12:01:26,E630235L,1
2017/03/08 12:01:43,E620002L,2
2017/03/08 13:14:34,E630261L,1
2017/03/08 13:15:18,E620002L,1
2017/03/08 13:46:27,E630235L,1
2017/03/08 13:47:04,E620002L,1
2017/03/08 14:50:50,E630261L,2
2017/03/08 14:51:11,E620002L,2
2017/03/08 15:45:49,E630261L,1
2017/03/08 17:02:25,E630261L,1
2017/03/08 17:45:43,E630261L,1
2017/03/08 18:18:11,E630261L,1
2017/03/08 18:35:16,E630261L,1
2017/03/08 19:10:27,E630261L,1
2017/03/08 19:46:14,E630261L,1
2017/03/08 20:51:54,E620002L,1
2017/03/08 20:56:02,E620002L,1
2017/03/09 03:34:26,E620003L,1
2017/03/09 03:34:29,E620029L,1
2017/03/09 03:37:34,E601043L,1
2017/03/09 03:46:58,E630261L,1
2017/03/09 07:16:23,E630267L,1
2017/03/09 07:18:20,E620002L,1
2017/03/09 09:28:03,E620002L,1
2017/03/09 09:47:50,E630227L,1
2017/03/09 10:10:02,E620002L,1
2017/03/09 10:52:14,E620002L,1
2017/03/09 11:13:00,E620002L,1
2017/03/09 11:23:44,E620002L,1
2017/03/09 11:26:40,E620002L,1
2017/03/09 11:30:47,E630224L,1
2017/03/09 11:30:57,E620002L,1
2017/03/09 13:51:53,E620002L,1
2017/03/09 13:54:43,E620002L,1
2017/03/09 20:11:49,E620002L,1
2017/03/09 20:18:22,E620002L,2
2017/03/09 20:23:09,E620002L,3
2017/03/09 20:37:19,E620002L,3
2017/03/10 00:00:50,E602017L,1
2017/03/10 00:13:39,E610042L,1
2017/03/10 07:18:13,E530024L,1
2017/03/10 07:20:06,E620002L,1
2017/03/10 07:22:06,E600016L,1
2017/03/10 07:22:07,E620002L,1
2017/03/10 07:24:37,E620002L,1
2017/03/10 08:07:01,E630224L,2
2017/03/10 08:12:12,E620002L,1
2017/03/10 08:16:14,E620002L,1
2017/03/10 08:29:45,E620002L,1
2017/03/10 10:12:34,E630224L,1
2017/03/10 10:12:48,E620002L,1
2017/03/10 10:24:47,E620002L,2
2017/03/10 10:29:31,E620002L,2
2017/03/10 10:32:13,E620002L,2
2017/03/10 11:59:00,E620002L,1
2017/03/10 12:16:10,E630224L,1
2017/03/10 12:25:50,E630224L,1
2017/03/10 12:26:03,E620002L,2
2017/03/10 12:41:03,E620002L,1
2017/03/10 12:45:04,E620002L,1
2017/03/10 17:04:49,E630224L,1
2017/03/10 17:05:01,E620002L,1
2017/03/10 18:31:08,E602017L,1
2017/03/10 18:38:24,E620002L,1
2017/03/10 19:02:44,E620002L,1
2017/03/11 00:21:20,E620002L,1
2017/03/11 04:44:48,E630222L,1
2017/03/11 05:24:48,E620002L,1
2017/03/13 07:16:09,E620032L,1
2017/03/13 08:52:14,E620002L,1
2017/03/13 10:21:38,E620003L,1
2017/03/13 10:21:38,E620029L,1
2017/03/13 10:21:48,E550903L,1
2017/03/13 10:24:36,E620002L,1
2017/03/13 11:33:37,E620003L,1
2017/03/13 11:33:37,E620029L,1
2017/03/13 11:37:28,E601043L,1
2017/03/13 12:07:08,E620003L,1
2017/03/13 12:07:08,E620029L,1
2017/03/13 12:24:33,E620002L,1
2017/03/13 12:30:06,E620002L,1
2017/03/13 12:38:29,E620002L,2
2017/03/13 12:43:31,E630227L,1
2017/03/13 18:46:42,E620002L,1
2017/03/13 18:55:46,E620002L,1
2017/03/13 19:21:04,E630235L,1
2017/03/13 19:22:17,E620002L,1
2017/03/13 19:37:06,E630235L,1
2017/03/14 00:18:26,E620003L,1
2017/03/14 00:18:29,E620029L,1
2017/03/14 00:18:39,E601043L,1
2017/03/14 00:42:34,E630224L,1
2017/03/14 00:51:34,E620002L,1
2017/03/14 00:54:12,E620002L,1
2017/03/14 01:52:36,E630261L,1
2017/03/14 05:07:19,E630261L,1
2017/03/14 05:19:10,E630261L,1
2017/03/14 05:38:58,E630235L,1
2017/03/14 05:52:38,E630261L,1
2017/03/14 05:58:50,E630261L,1
2017/03/14 06:02:50,E630235L,1
2017/03/14 16:34:01,E620003L,1
2017/03/14 16:34:02,E620029L,1
2017/03/14 16:34:15,E550903L,1
2017/03/14 16:35:23,E620002L,1
2017/03/14 17:51:11,E630261L,1
2017/03/14 19:39:15,E620003L,1
2017/03/14 19:39:16,E620029L,1
2017/03/14 19:39:29,E550903L,1
2017/03/15 05:38:24,E620002L,1
2017/03/15 12:19:43,E620003L,1
2017/03/15 12:19:43,E620029L,1
2017/03/15 12:20:07,E550903L,1
2017/03/15 16:35:44,E620002L,1
2017/03/15 16:47:36,E602017L,1
2017/03/15 19:03:54,E620002L,1
2017/03/15 20:44:57,E602017L,1
2017/03/15 20:54:29,E620002L,1
2017/03/15 21:00:20,E620002L,1
2017/03/15 21:14:51,E630227L,3
2017/03/15 21:34:09,E630227L,1
2017/03/15 21:41:26,E630227L,1
2017/03/15 21:41:40,E620002L,2
2017/03/15 21:48:03,E630227L,2
2017/03/15 21:48:24,E620002L,1
2017/03/15 21:58:25,E630261L,1
2017/03/15 22:06:08,E630227L,1
2017/03/15 22:16:39,E630227L,1
2017/03/15 22:24:59,E620002L,1
2017/03/15 23:03:59,E630234L,1
2017/03/15 23:40:11,E630233L,1
2017/03/15 23:44:42,E620002L,1
2017/03/15 23:59:40,E630235L,2
2017/03/16 00:04:31,E620002L,1
2017/03/16 00:17:42,E620002L,1
2017/03/16 03:10:17,E620002L,1
2017/03/16 03:14:19,E620002L,1
2017/03/16 03:24:38,E620002L,1
2017/03/16 03:29:03,E620002L,1
2017/03/16 14:19:57,E620002L,1
2017/03/16 14:37:22,E602017L,1
2017/03/16 14:53:10,E601043L,1
2017/03/16 14:53:11,E620003L,1
2017/03/16 14:53:11,E620029L,1
2017/03/16 15:57:37,E620002L,1
2017/03/16 16:13:11,E620002L,1
2017/03/16 16:20:48,E620002L,1
2017/03/16 16:23:00,E620002L,1
2017/03/16 17:54:28,E630261L,1
2017/03/16 18:13:46,E620002L,1
2017/03/16 18:23:26,E630235L,1
2017/03/16 18:24:55,E620002L,1
2017/03/16 18:31:20,E630235L,1
2017/03/17 00:02:04,E630234L,1
2017/03/17 08:34:10,E601043L,1
2017/03/17 08:34:10,E620029L,1
2017/03/17 08:36:58,E620002L,1
2017/03/17 11:54:22,E620002L,1
2017/03/17 12:29:35,E620002L,1
2017/03/17 13:51:54,E630261L,1
2017/03/17 13:58:00,E620003L,1
2017/03/17 13:58:01,E620029L,1
2017/03/17 14:04:55,E620002L,3
2017/03/17 14:10:51,E620002L,1
2017/03/17 14:31:16,E620002L,1
2017/03/17 15:06:54,E630261L,1
2017/03/17 15:15:28,E630261L,1
2017/03/17 15:44:44,E630235L,2
2017/03/17 15:52:37,E630235L,1
2017/03/17 15:53:03,E620002L,1
2017/03/17 15:57:51,E630261L,1
2017/03/17 16:10:08,E630261L,1
2017/03/17 17:04:09,E630235L,1
2017/03/17 17:55:53,E620002L,1
2017/03/17 18:49:30,E620002L,1
2017/03/17 19:23:26,E620029L,1
2017/03/17 19:24:06,E601043L,1
2017/03/17 19:51:25,E620002L,1
2017/03/17 19:57:21,E620002L,1
2017/03/17 20:01:24,E620002L,1
2017/03/17 20:07:51,E620002L,1
2017/03/18 00:28:30,E620002L,2
2017/03/18 01:56:43,E620002L,1
2017/03/18 03:03:38,E620002L,1
2017/03/18 03:13:32,E620002L,1
2017/03/18 04:46:42,E600017L,1
2017/03/18 05:00:13,E620002L,1
2017/03/18 05:04:19,E620002L,1
2017/03/18 06:52:43,E620002L,1
2017/03/18 08:24:12,E602017L,1
2017/03/18 08:25:07,E620002L,2
2017/03/18 09:01:00,E602017L,1
2017/03/18 09:22:36,E620002L,1
2017/03/18 09:30:46,E620002L,3
2017/03/18 09:33:33,E620002L,2
2017/03/18 09:36:21,E620002L,2
2017/03/18 10:01:52,E620003L,1
2017/03/18 10:01:53,E620029L,1
2017/03/18 10:02:07,E601043L,1
2017/03/18 10:02:29,E620002L,1
2017/03/18 11:07:56,E620002L,3
2017/03/18 11:12:01,E620002L,2
2017/03/18 12:26:46,E620002L,3
2017/03/18 12:35:04,E630224L,1
2017/03/18 12:38:36,E620002L,2
2017/03/18 23:15:19,E620002L,2
2017/03/18 23:19:45,E620002L,1
2017/03/18 23:23:23,E620002L,1
2017/03/18 23:55:16,E602017L,1
2017/03/19 03:10:59,E602017L,1
2017/03/19 03:11:12,E620002L,1
2017/03/19 03:11:15,E620029L,1
2017/03/20 08:47:00,E620002L,1
2017/03/20 09:01:11,E620002L,1
2017/03/20 11:22:39,E620002L,1
2017/03/20 11:25:34,E620002L,2
2017/03/20 11:35:42,E620002L,1
2017/03/20 12:26:13,E620002L,1
2017/03/20 15:49:01,E610060L,1
2017/03/20 15:50:03,E620002L,1
2017/03/20 16:04:55,E610060L,1
2017/03/20 16:05:39,E620002L,1
2017/03/20 16:34:29,E610060L,1
2017/03/20 16:35:21,E620002L,1
2017/03/20 16:41:38,E620002L,2
2017/03/20 16:53:13,E620002L,1
2017/03/21 00:37:40,E620002L,2
2017/03/21 09:10:25,E620002L,1
2017/03/21 10:29:38,E620003L,1
2017/03/21 10:29:41,E620029L,1
2017/03/21 10:29:48,E601043L,1
2017/03/21 13:32:20,E630224L,1
2017/03/21 13:32:34,E620002L,2
2017/03/21 13:39:59,E620002L,1
2017/03/21 14:00:45,E630222L,1
2017/03/21 14:15:45,E630261L,1
2017/03/21 14:17:26,E630267L,1
2017/03/21 14:18:37,E620002L,1
2017/03/21 15:28:38,E630261L,1
2017/03/21 15:55:08,E620002L,1
2017/03/21 17:34:04,E620008L,1
2017/03/21 17:34:22,E550000L,1
2017/03/21 17:35:36,E620002L,1
2017/03/21 17:37:38,E620002L,3
2017/03/21 17:40:55,E620002L,1
2017/03/21 23:17:39,E602017L,1
2017/03/21 23:56:56,E620002L,1
2017/03/22 00:05:04,E620002L,1
2017/03/22 02:31:01,E620002L,1
2017/03/22 04:08:30,E630261L,1
2017/03/22 04:09:04,E620002L,1
2017/03/22 04:33:32,E630235L,1
2017/03/22 04:51:03,E630235L,1
2017/03/22 06:14:51,E630261L,1
2017/03/22 06:39:05,E630261L,1
2017/03/22 06:39:47,E620002L,2
2017/03/22 07:55:00,E630261L,1
2017/03/22 08:26:34,E620002L,1
2017/03/22 08:29:09,E620002L,1
2017/03/22 08:31:45,E620002L,2
2017/03/22 08:34:44,E620002L,1
2017/03/22 08:36:59,E620002L,1
2017/03/22 10:45:47,E620002L,1
2017/03/22 11:41:52,E630224L,1
2017/03/22 11:42:38,E620002L,2
2017/03/22 12:01:48,E620002L,1
2017/03/22 12:07:04,E620002L,1
2017/03/22 22:30:05,E620003L,1
2017/03/22 22:30:06,E620029L,1
2017/03/22 22:30:21,E550903L,1
2017/03/22 22:57:27,E620002L,2
2017/03/22 23:13:14,E620002L,1
2017/03/22 23:15:19,E620002L,1
2017/03/23 00:14:49,E620003L,1
2017/03/23 00:14:53,E620029L,1
2017/03/23 00:15:51,E601043L,1
2017/03/23 00:18:37,E620002L,1
2017/03/23 01:23:39,E620003L,1
2017/03/23 01:23:43,E620029L,1
2017/03/23 01:24:10,E601043L,1
2017/03/23 01:25:28,E620002L,1
2017/03/23 02:02:50,E620002L,1
2017/03/23 03:22:21,E620002L,2
2017/03/23 03:28:42,E620002L,1
2017/03/23 03:38:38,E620002L,1
2017/03/23 04:06:09,E630235L,1
2017/03/23 04:51:06,E550650L,1
2017/03/23 05:04:40,E550640L,1
2017/03/23 05:19:17,E550640L,1
2017/03/23 05:21:02,E610038L,1
2017/03/23 05:22:31,E620002L,1
2017/03/23 05:26:46,E550640L,1
2017/03/23 05:29:20,E550660L,2
2017/03/23 05:31:54,E620002L,1
2017/03/23 05:51:36,E530024L,1
2017/03/23 05:55:05,E550620L,1
2017/03/23 05:55:16,E620002L,2
2017/03/23 05:56:48,E550660L,1
2017/03/23 06:01:00,E610038L,1
2017/03/23 06:01:58,E620002L,2
2017/03/23 06:04:35,E620002L,5
2017/03/23 06:07:00,E530024L,1
2017/03/23 06:18:34,E550650L,1
2017/03/23 07:49:35,E620002L,1
2017/03/23 10:07:51,E620002L,1
2017/03/23 10:18:55,E630235L,1
2017/03/23 11:05:51,E630224L,1
2017/03/23 19:11:46,E620002L,1
2017/03/23 20:32:28,E630224L,1
2017/03/23 20:40:28,E602017L,1
2017/03/23 20:45:58,E620002L,1
2017/03/23 20:48:45,E620002L,2
2017/03/23 21:06:52,E620002L,1
2017/03/23 22:29:29,E620002L,2
2017/03/24 01:30:45,E620002L,3
2017/03/24 02:06:29,E620002L,1
2017/03/24 02:10:42,E620003L,1
2017/03/24 02:10:42,E620029L,1
2017/03/24 05:02:13,E620002L,1
2017/03/24 06:52:42,E620002L,1
2017/03/24 08:19:42,E620002L,1
2017/03/24 08:24:06,E620002L,1
2017/03/24 17:54:36,E620002L,1
2017/03/24 18:35:32,E620002L,1
2017/03/24 18:46:56,E620002L,1
2017/03/25 00:36:06,E620003L,1
2017/03/25 00:36:06,E620029L,1
2017/03/25 00:36:27,E550903L,1
2017/03/25 01:11:12,E620002L,1
2017/03/25 02:05:53,E620002L,1
2017/03/25 04:15:43,E620002L,1
2017/03/25 05:30:08,E602017L,1
2017/03/25 05:54:00,E620002L,1
2017/03/25 06:21:58,E630235L,1
2017/03/25 06:23:14,E620002L,1
2017/03/25 06:26:44,E620003L,1
2017/03/25 06:26:47,E620029L,1
2017/03/25 06:27:03,E601043L,1
2017/03/25 06:27:11,E620002L,1
2017/03/25 08:17:03,E620003L,1
2017/03/25 08:17:06,E620029L,1
2017/03/25 08:18:39,E601043L,1
2017/03/25 11:54:49,E620002L,1
2017/03/25 13:21:17,E620003L,1
2017/03/25 13:21:17,E620029L,1
2017/03/25 13:21:21,E601043L,1
2017/03/27 08:19:14,E620032L,1
2017/03/27 08:51:22,E620002L,1
2017/03/27 10:11:50,E620002L,1
2017/03/27 13:29:43,E602017L,1
2017/03/27 13:30:47,E620002L,1
2017/03/27 13:35:20,E620002L,1
2017/03/27 19:46:27,E620002L,1
2017/03/27 20:23:45,E620002L,1
2017/03/27 21:51:47,E620002L,1
2017/03/28 00:03:41,E620002L,1
2017/03/28 00:21:20,E630261L,1
2017/03/28 01:23:31,E630261L,2
2017/03/28 03:27:21,E630261L,1
2017/03/28 04:17:18,E620003L,1
2017/03/28 04:17:18,E620029L,2
2017/03/28 04:17:50,E550903L,1
2017/03/28 04:20:28,E620003L,1
2017/03/28 04:20:35,E601043L,1
2017/03/28 04:21:33,E620002L,1
2017/03/28 05:03:02,E630261L,1
2017/03/28 06:23:38,E620002L,1
2017/03/28 06:33:14,E620002L,3
2017/03/28 08:22:56,E602017L,1
2017/03/28 11:51:51,E630235L,1
2017/03/28 11:54:10,E620002L,1
2017/03/28 14:41:22,E620002L,1
2017/03/28 15:41:11,E620003L,1
2017/03/28 15:41:12,E620029L,1
2017/03/28 15:41:20,E550903L,1
2017/03/28 15:42:14,E620002L,1
2017/03/28 15:48:36,E620002L,1
2017/03/28 16:47:25,E630261L,1
2017/03/28 21:23:12,E602017L,1
2017/03/28 21:26:34,E620002L,1
2017/03/28 21:54:38,E620002L,1
2017/03/28 22:20:48,E620002L,1
2017/03/28 22:35:18,E620002L,1
2017/03/28 23:00:34,E630261L,1
2017/03/28 23:05:17,E630221L,1
2017/03/28 23:05:28,E620002L,1
2017/03/28 23:09:01,E630224L,1
2017/03/28 23:14:32,E620002L,1
2017/03/28 23:32:56,E620002L,1
2017/03/29 02:01:42,E630261L,1
2017/03/29 02:03:30,E630223L,1
2017/03/29 02:30:05,E630261L,1
2017/03/29 02:31:55,E620002L,4
2017/03/29 02:34:32,E620002L,1
2017/03/29 04:00:14,E620002L,1
2017/03/29 04:28:24,E620002L,2
2017/03/29 06:47:52,E630261L,1
2017/03/29 08:37:06,E620002L,1
2017/03/29 08:49:57,E620002L,1
2017/03/29 09:15:10,E630261L,1
2017/03/29 16:26:12,E620002L,1
2017/03/29 16:54:57,E630261L,1
2017/03/29 17:35:41,E620002L,1
2017/03/29 18:19:53,E601043L,1
2017/03/29 18:19:54,E620003L,1
2017/03/29 18:19:54,E620029L,1
2017/03/29 18:20:41,E620002L,1
2017/03/29 18:27:54,E620002L,1
2017/03/29 18:30:01,E620002L,1
2017/03/29 18:57:17,E630222L,1
2017/03/29 19:09:37,E620002L,1
2017/03/29 19:13:10,E620002L,2
2017/03/29 19:16:13,E620002L,1
2017/03/29 19:18:40,E620002L,1
2017/03/29 19:25:53,E630227L,1
2017/03/29 19:31:33,E630227L,1
2017/03/29 19:44:46,E630235L,1
2017/03/29 20:00:06,E630267L,1
2017/03/29 20:00:20,E620002L,1
2017/03/29 20:04:37,E630261L,1
2017/03/29 20:11:06,E630261L,1
2017/03/29 20:13:07,E620002L,1
2017/03/29 21:07:40,E620002L,1
2017/03/29 21:25:01,E620002L,1
2017/03/29 21:28:13,E620002L,1
2017/03/29 22:45:35,E620002L,1
2017/03/29 23:01:04,E620002L,1
2017/03/30 04:39:18,E620002L,1
2017/03/30 04:47:09,E620002L,1
2017/03/30 05:22:08,E630235L,1
2017/03/30 05:30:08,E630235L,1
2017/03/30 08:01:07,E630224L,1
2017/03/30 08:14:42,E620003L,1
2017/03/30 08:14:42,E620029L,1
2017/03/30 08:14:52,E550903L,1
2017/03/30 08:28:49,E620002L,1
2017/03/30 08:31:40,E620002L,1
2017/03/30 09:46:42,E620002L,1
2017/03/30 10:54:24,E630227L,1
2017/03/30 10:54:37,E620002L,1
2017/03/30 11:02:52,E630261L,1
2017/03/30 11:46:09,E620002L,1
2017/03/30 11:55:12,E620002L,2
2017/03/30 12:09:15,E620002L,1
2017/03/30 12:11:28,E620002L,1
2017/03/30 12:34:08,E620002L,1
2017/03/30 13:44:37,E620002L,1
2017/03/31 10:08:01,E620002L,1
2017/03/31 10:23:02,E620002L,2
2017/03/31 11:09:37,E620003L,1
2017/03/31 11:09:40,E620029L,1
2017/03/31 11:09:41,E601043L,1
2017/03/31 11:10:29,E620002L,1
2017/03/31 18:06:37,E620002L,2
2017/03/31 18:28:56,E620002L,1
2017/03/31 18:34:02,E602017L,1
2017/03/31 18:34:15,E620002L,1
2017/03/31 20:39:06,E630227L,2
2017/03/31 20:54:00,E620002L,1
2017/03/31 20:58:18,E620002L,1
2017/04/01 00:19:21,E630261L,1
2017/04/01 01:19:27,E630261L,1
2017/04/01 18:20:13,E620002L,2
2017/04/01 23:07:15,E620008L,1
2017/04/01 23:07:20,E550000L,1
2017/04/01 23:33:05,E620008L,3
2017/04/01 23:33:18,E550000L,3
2017/04/01 23:38:05,E620002L,1
2017/04/01 23:43:58,E620002L,1
2017/04/02 00:06:14,E550610L,1
2017/04/02 00:18:58,E550610L,3
2017/04/02 00:25:16,E550610L,2
2017/04/02 00:26:03,E620002L,2
2017/04/02 00:32:11,E550610L,1
2017/04/02 02:47:54,E550630L,1
2017/04/02 02:59:19,E620002L,1
2017/04/02 03:06:33,E620002L,1
2017/04/05 08:46:52,E620002L,1
2017/04/05 10:24:06,E620003L,1
2017/04/05 10:24:06,E620029L,1
2017/04/05 10:24:12,E550903L,1
2017/04/05 10:24:42,E620002L,1
2017/04/05 12:51:18,E630235L,1
2017/04/05 12:51:52,E620002L,2
2017/04/05 14:06:27,E620002L,2
2017/04/05 15:39:47,E620002L,1
2017/04/05 15:41:54,E620002L,1
2017/04/05 15:44:44,E620002L,1
2017/04/05 15:55:56,E620002L,1
2017/04/05 17:55:08,E620002L,1
2017/04/05 18:12:35,E620002L,1
2017/04/05 18:35:41,E601043L,1
2017/04/05 18:35:41,E620029L,1
2017/04/05 19:06:05,E620002L,2
2017/04/05 20:45:58,E620002L,1
2017/04/06 03:38:56,E620002L,1
2017/04/06 04:03:40,E630261L,1
2017/04/06 07:38:15,E610051L,1
2017/04/06 07:38:56,E620002L,1
2017/04/06 07:41:01,E620002L,1
2017/04/06 08:34:13,E620002L,1
2017/04/06 09:38:37,E620002L,2
2017/04/06 09:44:19,E620002L,1
2017/04/06 13:02:48,E620002L,1
2017/04/06 14:08:18,E630224L,1
2017/04/06 14:08:33,E620002L,1
2017/04/06 14:12:16,E620002L,1
2017/04/06 16:46:10,E602017L,1
2017/04/06 16:51:48,E620003L,1
2017/04/06 16:51:49,E620029L,1
2017/04/06 16:54:40,E550903L,1
2017/04/06 17:14:46,E620002L,2
2017/04/06 22:18:53,E620002L,2
2017/04/06 23:43:55,E630261L,1
2017/04/07 01:24:00,E620002L,1
2017/04/07 01:32:11,E620002L,1
2017/04/07 02:12:26,E630261L,2
2017/04/07 02:29:09,E630261L,1
2017/04/07 02:54:54,E630261L,1
2017/04/07 03:06:06,E630261L,2
2017/04/07 03:42:33,E630224L,1
2017/04/07 03:58:46,E630261L,1
2017/04/07 03:59:08,E620002L,1
2017/04/07 04:01:43,E620002L,1
2017/04/07 05:58:23,E620002L,1
2017/04/07 06:13:28,E620002L,1
2017/04/07 07:27:29,E630261L,1
2017/04/07 07:35:18,E630261L,1
2017/04/07 07:51:22,E630261L,1
2017/04/07 09:37:20,E620002L,1
2017/04/07 09:40:25,E620002L,1
2017/04/07 11:02:18,E550620L,1
2017/04/09 01:27:07,E630261L,1
2017/04/10 07:59:00,E620032L,1
2017/04/10 08:48:43,E620002L,1
2017/04/10 09:03:21,E620002L,1
2017/04/10 09:06:17,E620002L,1
2017/04/10 09:19:42,E630224L,1
2017/04/10 10:01:11,E620002L,2
2017/04/10 10:16:12,E630261L,1
2017/04/10 10:23:03,E630261L,1
2017/04/10 10:47:55,E620002L,1
2017/04/10 11:02:27,E620003L,1
2017/04/10 11:02:27,E620029L,1
2017/04/10 11:04:11,E550903L,1
2017/04/10 13:06:24,E550640L,1
2017/04/10 13:06:45,E620002L,1
2017/04/10 13:18:34,E630261L,2
2017/04/10 14:54:43,E620002L,1
2017/04/10 16:22:11,E630261L,1
2017/04/10 16:25:46,E620003L,1
2017/04/10 16:25:47,E620029L,1
2017/04/10 16:26:02,E601043L,1
2017/04/10 16:37:36,E630261L,1
2017/04/10 17:57:51,E630261L,1
2017/04/10 18:25:47,E630261L,1
2017/04/10 19:01:48,E630261L,2
2017/04/11 01:40:11,E620002L,1
2017/04/11 01:48:09,E620002L,1
2017/04/11 01:57:46,E620002L,1
2017/04/11 02:40:50,E620002L,1
2017/04/11 02:50:45,E620002L,1
2017/04/11 09:13:04,E620002L,1
2017/04/11 09:21:57,E620002L,1
2017/04/11 11:06:55,E620002L,1
2017/04/11 12:49:48,E620002L,1
2017/04/11 13:00:12,E620002L,1
2017/04/11 13:10:45,E620002L,1
2017/04/11 13:13:16,E620002L,2
2017/04/11 13:17:23,E620002L,1
2017/04/11 14:15:06,E620003L,1
2017/04/11 14:15:07,E620029L,1
2017/04/11 14:15:17,E550903L,1
2017/04/11 14:16:03,E620002L,1
2017/04/11 15:32:57,E620029L,1
2017/04/11 15:34:46,E601043L,1
2017/04/11 16:33:59,E620002L,1
2017/04/11 19:10:17,E620002L,1
2017/04/11 19:39:06,E620002L,2
2017/04/11 19:46:16,E620002L,1
2017/04/11 19:50:30,E620002L,1
2017/04/11 20:27:24,E620002L,1
2017/04/11 21:04:42,E630261L,1
2017/04/12 05:35:20,E550620L,2
2017/04/12 05:37:36,E620002L,1
2017/04/12 05:40:33,E620002L,2
2017/04/12 05:42:05,E550620L,1
2017/04/12 05:42:39,E620002L,2
2017/04/12 16:02:03,E620002L,3
2017/04/12 16:36:25,E630261L,1
2017/04/12 16:36:35,E620002L,1
2017/04/12 17:05:52,E620002L,1
2017/04/12 17:25:49,E620002L,1
2017/04/12 18:10:01,E630224L,1
2017/04/12 18:10:15,E620002L,2
2017/04/12 18:12:36,E620002L,1
2017/04/12 18:54:21,E630222L,1
2017/04/12 19:22:08,E620002L,1
2017/04/12 19:46:01,E620002L,1
2017/04/12 19:54:40,E620003L,1
2017/04/12 19:54:41,E620029L,1
2017/04/12 19:56:28,E620002L,1
2017/04/12 20:06:20,E620002L,1
2017/04/12 20:55:48,E602017L,1
2017/04/12 22:00:56,E630261L,1
2017/04/12 23:17:50,E620002L,1
2017/04/13 01:14:26,E602017L,1
2017/04/13 02:01:34,E630224L,1
2017/04/13 07:42:44,E620002L,1
2017/04/13 07:46:29,E620002L,1
2017/04/13 16:43:17,E620002L,1
2017/04/13 16:49:50,E620002L,1
2017/04/13 17:10:23,E600016L,1
2017/04/13 17:14:38,E620002L,2
2017/04/13 18:34:18,E601043L,1
2017/04/14 01:14:22,E620032L,1
2017/04/14 01:28:58,E620002L,1
2017/04/14 01:34:14,E620002L,1
2017/04/14 03:00:13,E630261L,1
2017/04/14 09:15:07,E620003L,1
2017/04/14 09:15:10,E620029L,1
2017/04/14 09:15:15,E601043L,1
2017/04/14 09:47:04,E620003L,1
2017/04/14 09:47:05,E620029L,1
2017/04/14 09:47:16,E550903L,1
2017/04/14 09:48:05,E620002L,1
2017/04/14 10:26:07,E630224L,1
2017/04/14 10:28:18,E620002L,1
2017/04/14 10:49:06,E630235L,1
2017/04/14 10:49:21,E620002L,1
2017/04/14 10:57:25,E602017L,1
2017/04/14 11:01:17,E620002L,1
2017/04/14 12:14:37,E530024L,1
2017/04/15 00:20:07,E602017L,1
2017/04/15 00:20:34,E620002L,1
2017/04/15 02:19:54,E620003L,1
2017/04/15 02:19:54,E620029L,1
2017/04/15 02:20:03,E550903L,1
2017/04/15 02:30:37,E620002L,1
2017/04/15 02:33:24,E620002L,1
2017/04/15 02:36:58,E630261L,1
2017/04/15 05:15:21,E620002L,2
2017/04/15 06:00:11,E620002L,2
2017/04/15 12:13:51,E620002L,2
2017/04/17 08:14:47,E620032L,1
2017/04/17 09:28:21,E630261L,1
2017/04/17 09:39:12,E630261L,1
2017/04/17 10:27:24,E610060L,1
2017/04/17 10:32:37,E600016L,5
2017/04/17 10:35:36,E620002L,1
2017/04/17 10:38:14,E600016L,1
2017/04/17 21:10:44,E620002L,2
2017/04/17 21:28:49,E620002L,2
2017/04/18 04:21:57,E602017L,1
2017/04/18 05:05:04,E620002L,1
2017/04/18 05:15:28,E602017L,1
2017/04/18 05:27:37,E620002L,1
2017/04/18 06:31:32,E620002L,1
2017/04/18 06:34:49,E620002L,1
2017/04/18 06:43:51,E620002L,1
2017/04/18 07:39:09,E620003L,1
2017/04/18 07:39:09,E620029L,1
2017/04/18 07:39:40,E550903L,1
2017/04/18 07:40:23,E620002L,2
2017/04/18 07:45:53,E630227L,1
2017/04/18 08:15:37,E620002L,1
2017/04/18 08:19:32,E620002L,2
2017/04/18 08:36:25,E630235L,1
2017/04/18 08:36:48,E620002L,1
2017/04/18 10:01:14,E630235L,2
2017/04/18 10:01:34,E620002L,1
2017/04/18 10:04:00,E620002L,2
2017/04/18 12:12:44,E630227L,1
2017/04/18 12:15:52,E620002L,1
2017/04/18 15:44:35,E630235L,1
2017/04/18 15:56:54,E620002L,1
2017/04/18 17:02:07,E630261L,1
2017/04/18 17:41:56,E630261L,1
2017/04/18 19:17:34,E630222L,2
2017/04/18 19:27:22,E620002L,1
2017/04/18 19:34:08,E620002L,1
2017/04/18 19:42:34,E620002L,1
2017/04/18 20:15:37,E620002L,2
2017/04/18 20:30:13,E620003L,1
2017/04/18 20:30:14,E620029L,1
2017/04/18 20:30:20,E601043L,1
2017/04/18 20:33:19,E602017L,1
2017/04/19 00:02:48,E630224L,1
2017/04/19 00:07:06,E630223L,1
2017/04/19 00:10:19,E620002L,1
2017/04/19 07:32:28,E620002L,1
2017/04/19 07:43:08,E630267L,1
2017/04/19 07:54:54,E630211L,1
2017/04/19 09:22:36,E630261L,1
2017/04/19 16:34:51,E620002L,2
2017/04/20 06:31:49,E620008L,1
2017/04/20 06:32:01,E550000L,1
2017/04/20 08:18:05,E550630L,1
2017/04/20 08:57:11,E630224L,1
2017/04/20 08:57:31,E620002L,2
2017/04/20 09:06:25,E630261L,1
2017/04/20 10:27:26,E620002L,1
2017/04/20 10:33:21,E620002L,1
2017/04/20 12:30:55,E620002L,2
2017/04/20 12:33:03,E620002L,1
2017/04/20 12:40:41,E620002L,1
2017/04/20 12:46:00,E620002L,1
2017/04/20 13:07:34,E620003L,1
2017/04/20 13:07:34,E620029L,1
2017/04/20 13:07:44,E601043L,1
2017/04/20 13:08:08,E620002L,4
2017/04/20 13:10:12,E620002L,3
2017/04/20 13:12:47,E620002L,6
2017/04/20 13:16:06,E620002L,1
2017/04/20 14:56:39,E620002L,2
2017/04/20 15:04:50,E620002L,2
2017/04/20 15:26:14,E630261L,1
2017/04/20 16:57:29,E630235L,1
2017/04/20 18:53:08,E620002L,1
2017/04/20 20:00:12,E610085L,1
2017/04/20 20:00:36,E620002L,1
2017/04/20 21:40:03,E620002L,1
2017/04/20 21:43:02,E620002L,1
2017/04/20 22:03:08,E620002L,1
2017/04/20 22:08:45,E620002L,2
2017/04/20 22:11:42,E620002L,2
2017/04/20 22:21:43,E620002L,1
2017/04/21 00:27:40,E620002L,1
2017/04/21 00:51:02,E620002L,4
2017/04/21 01:00:58,E620002L,1
2017/04/21 01:13:11,E620002L,1
2017/04/21 05:54:03,E620003L,1
2017/04/21 05:54:04,E620029L,1
2017/04/21 05:54:13,E550903L,1
2017/04/21 05:54:23,E620002L,1
2017/04/21 06:30:39,E620002L,2
2017/04/21 06:32:55,E620002L,2
2017/04/21 06:36:20,E620002L,1
2017/04/21 08:48:19,E550000L,3
2017/04/21 08:48:19,E620008L,3
2017/04/21 08:50:29,E620002L,2
2017/04/21 09:01:51,E620008L,2
2017/04/21 09:03:05,E550000L,3
2017/04/21 09:07:48,E620008L,1
2017/04/21 09:08:14,E620002L,1
2017/04/21 09:13:44,E620008L,1
2017/04/21 09:15:15,E620002L,1
2017/04/21 10:37:52,E620003L,1
2017/04/21 10:37:53,E620029L,1
2017/04/21 10:38:01,E550903L,1
2017/04/21 10:44:25,E620003L,1
2017/04/21 10:44:26,E620029L,1
2017/04/21 10:44:32,E601043L,1
2017/04/21 10:53:34,E630224L,1
2017/04/21 10:53:44,E620002L,3
2017/04/21 11:09:14,E620003L,1
2017/04/21 11:09:14,E620029L,1
2017/04/21 12:26:29,E630261L,1
2017/04/21 13:02:08,E630261L,1
2017/04/21 14:26:32,E602017L,1
2017/04/21 16:57:38,E620003L,1
2017/04/21 16:57:39,E620029L,1
2017/04/21 17:07:52,E630224L,1
2017/04/21 17:17:31,E620002L,1
2017/04/21 18:48:10,E620029L,1
2017/04/21 18:48:36,E601043L,1
2017/04/21 18:48:43,E620002L,1
2017/04/21 20:53:09,E602017L,1
2017/04/21 20:54:06,E620002L,2
2017/04/21 22:43:40,E630222L,1
2017/04/21 22:53:04,E620002L,1
2017/04/21 23:08:46,E630261L,1
2017/04/21 23:10:45,E630235L,2
2017/04/22 07:10:52,E620002L,1
2017/04/22 07:52:33,E620003L,1
2017/04/22 07:52:36,E620029L,1
2017/04/22 07:53:53,E601043L,1
2017/04/22 15:11:25,E610060L,1
2017/04/22 15:12:29,E620002L,1
2017/04/22 15:20:05,E610060L,1
2017/04/22 21:54:40,E620002L,1
2017/04/22 21:58:41,E620002L,1
2017/04/22 23:04:36,E620002L,1
2017/04/23 00:33:48,E630261L,2
2017/04/24 08:36:57,E600016L,5
2017/04/24 08:41:40,E620002L,2
2017/04/24 08:42:21,E600016L,3
2017/04/24 08:43:54,E620002L,1
2017/04/24 08:47:42,E600016L,8
2017/04/24 08:57:40,E620002L,1
2017/04/24 09:04:21,E620002L,1
2017/04/24 12:54:53,E620002L,1
2017/04/24 13:06:40,E620002L,1
2017/04/24 13:10:39,E620002L,1
2017/04/24 13:44:12,E630224L,1
2017/04/24 13:56:07,E620002L,1
2017/04/24 14:05:40,E630261L,1
2017/04/24 16:06:00,E620002L,1
2017/04/24 17:02:46,E630222L,1
2017/04/24 17:07:06,E630223L,1
2017/04/24 17:34:56,E630261L,1
2017/04/24 18:58:50,E620003L,1
2017/04/24 18:58:51,E620029L,1
2017/04/24 18:59:01,E550903L,1
2017/04/24 18:59:08,E620002L,2
2017/04/24 19:21:22,E620002L,1
2017/04/25 01:21:42,E620002L,1
2017/04/25 01:26:05,E620002L,1
2017/04/25 02:37:46,E630222L,1
2017/04/25 03:02:46,E630267L,1
2017/04/25 03:03:19,E620002L,2
2017/04/25 05:20:55,E630261L,1
2017/04/25 05:41:04,E630227L,2
2017/04/25 05:47:22,E630235L,1
2017/04/25 05:51:28,E630227L,1
2017/04/25 08:55:53,E620002L,1
2017/04/25 10:15:05,E601043L,1
2017/04/25 10:15:05,E620029L,1
2017/04/25 11:02:02,E620032L,2
2017/04/25 11:08:11,E620002L,1
2017/04/25 12:03:58,E630267L,1
2017/04/25 12:04:57,E620002L,2
2017/04/25 12:10:38,E630267L,1
2017/04/25 12:12:47,E620002L,2
2017/04/25 12:16:11,E630267L,1
2017/04/25 12:16:25,E620002L,1
2017/04/25 12:23:34,E630261L,1
2017/04/25 13:29:50,E620002L,2
2017/04/25 13:45:57,E620002L,1
2017/04/25 14:18:35,E601043L,1
2017/04/25 14:18:36,E620003L,1
2017/04/25 14:18:37,E620029L,1
2017/04/25 16:01:07,E602017L,1
2017/04/25 16:01:49,E620002L,1
2017/04/25 17:20:14,E620002L,1
2017/04/25 18:14:21,E620029L,1
2017/04/25 18:14:48,E601043L,1
2017/04/25 18:38:50,E620029L,1
2017/04/25 18:38:56,E601043L,1
2017/04/25 18:39:56,E620002L,1
2017/04/25 18:42:05,E620002L,1
2017/04/25 19:01:58,E620002L,1
2017/04/26 04:42:55,E620003L,1
2017/04/26 04:42:55,E620029L,1
2017/04/26 04:43:13,E550903L,1
2017/04/26 05:20:21,E630227L,1
2017/04/26 06:22:47,E630227L,1
2017/04/26 07:05:46,E630227L,1
2017/04/26 07:05:53,E620002L,1
2017/04/26 07:14:21,E620002L,1
2017/04/26 07:31:21,E630224L,1
2017/04/26 10:00:50,E620002L,2
2017/04/26 11:42:20,E630261L,1
2017/04/26 11:59:35,E630224L,1
2017/04/26 12:04:40,E630261L,1
2017/04/26 13:51:30,E630261L,1
2017/04/26 14:03:53,E630261L,1
2017/04/26 14:09:57,E630261L,1
2017/04/26 14:23:54,E630261L,1
2017/04/26 15:16:04,E630224L,1
2017/04/26 15:17:48,E602017L,1
2017/04/26 15:19:37,E620002L,1
2017/04/26 16:01:17,E630261L,1
2017/04/26 17:10:03,E630261L,1
2017/04/26 17:22:59,E630261L,1
2017/04/26 17:34:36,E630261L,1
2017/04/26 17:37:41,E620003L,1
2017/04/26 17:37:41,E620029L,1
2017/04/26 17:37:58,E550903L,1
2017/04/26 18:01:28,E620003L,1
2017/04/26 18:01:31,E620029L,1
2017/04/26 18:01:35,E601043L,1
2017/04/26 18:21:04,E630261L,1
2017/04/26 20:14:27,E630261L,1
2017/04/26 20:22:50,E630261L,1
2017/04/26 20:51:26,E630261L,2
2017/04/26 21:13:09,E620002L,1
2017/04/26 21:15:13,E630222L,1
2017/04/26 22:40:37,E620003L,1
2017/04/26 22:40:40,E620029L,1
2017/04/26 22:40:46,E601043L,1
2017/04/26 22:41:57,E620002L,1
2017/04/26 23:29:51,E620002L,1
2017/04/27 00:29:22,E630261L,1
2017/04/27 11:54:21,E620002L,1
2017/04/27 12:24:17,E630227L,1
2017/04/27 12:26:45,E630224L,1
2017/04/27 12:26:58,E620002L,1
2017/04/27 12:30:21,E630235L,1
2017/04/27 12:47:13,E630235L,2
2017/04/27 12:52:44,E630235L,1
2017/04/27 13:32:15,E620002L,1
2017/04/27 13:38:34,E620002L,1
2017/04/27 13:57:57,E630235L,1
2017/04/27 13:58:14,E620002L,1
2017/04/27 14:58:37,E620002L,2
2017/04/27 15:34:28,E630235L,1
2017/04/27 15:39:32,E630235L,1
2017/04/27 15:53:19,E630227L,1
2017/04/27 19:17:17,E630224L,1
2017/04/27 19:17:29,E620002L,1
2017/04/27 23:05:41,E630224L,1
2017/04/27 23:06:30,E620002L,1
2017/04/27 23:10:05,E530024L,1
2017/04/27 23:12:22,E620002L,3
2017/04/27 23:15:08,E620002L,1
2017/04/27 23:20:54,E620002L,1
2017/04/27 23:28:36,E620002L,1
2017/04/27 23:37:07,E620002L,1
2017/04/27 23:45:00,E630227L,1
2017/04/27 23:49:03,E620002L,1
2017/04/28 01:41:05,E620002L,1
2017/04/28 01:52:03,E620002L,1
2017/04/28 02:01:05,E620003L,1
2017/04/28 02:01:06,E620029L,1
2017/04/28 07:54:02,E620002L,1
2017/04/28 09:26:43,E620002L,1
2017/04/28 10:29:19,E620002L,1
2017/04/28 10:41:28,E620002L,1
2017/04/28 10:43:53,E620002L,1
2017/04/28 10:49:23,E620002L,1
2017/04/28 10:53:36,E620002L,3
2017/04/28 10:59:59,E620002L,1
2017/04/28 11:42:49,E620002L,1
2017/04/28 11:45:41,E620002L,1
2017/04/28 13:27:35,E550650L,2
2017/04/28 13:28:53,E620002L,2
2017/04/28 16:26:24,E550650L,1
2017/04/28 16:26:50,E620002L,1
2017/04/28 17:26:11,E620003L,1
2017/04/28 17:26:12,E620029L,1
2017/04/28 17:26:18,E601043L,1
2017/04/28 17:26:30,E620002L,1
2017/04/28 19:23:08,E620003L,1
2017/04/28 19:23:09,E620029L,1
2017/04/28 19:23:12,E601043L,1
2017/04/28 20:02:38,E620003L,1
2017/04/28 20:02:39,E620029L,1
2017/04/28 20:03:04,E601043L,1
2017/04/28 20:17:25,E550650L,1
2017/04/28 20:18:41,E620002L,1
2017/04/28 21:15:28,E620003L,1
2017/04/28 21:15:28,E620029L,1
2017/04/28 21:15:35,E601043L,1
2017/04/28 21:16:04,E620002L,1
2017/04/28 21:42:02,E620003L,1
2017/04/28 21:42:02,E620029L,1
2017/04/28 21:42:13,E601043L,1
2017/04/29 00:17:52,E630227L,1
2017/04/29 01:31:45,E630227L,1
2017/04/29 01:35:38,E630224L,1
2017/04/29 01:48:20,E630224L,2
2017/04/29 01:55:04,E630224L,1
2017/04/29 01:56:20,E630223L,1
2017/04/29 01:59:26,E620003L,1
2017/04/29 01:59:27,E620029L,1
2017/04/29 01:59:36,E601043L,1
2017/04/29 02:02:52,E630224L,2
2017/04/29 02:15:48,E630224L,1
2017/04/29 02:24:14,E630224L,1
2017/04/29 02:24:56,E630227L,1
2017/04/29 02:41:20,E630224L,1
2017/04/29 04:51:14,E630261L,1
2017/04/29 05:00:57,E630227L,1
2017/04/29 05:16:00,E630227L,1
2017/04/29 05:26:32,E630227L,2
2017/04/29 06:02:15,E620002L,1
2017/05/02 08:43:58,E620002L,2
2017/05/02 08:46:03,E620002L,1
2017/05/02 08:50:59,E620002L,1
2017/05/02 09:50:26,E620002L,1
2017/05/02 10:02:18,E620002L,1
2017/05/02 10:07:13,E620002L,1
2017/05/02 10:15:31,E620002L,1
2017/05/02 11:58:38,E620002L,1
2017/05/02 12:08:38,E630227L,1
2017/05/02 12:28:52,E630224L,1
2017/05/02 12:52:05,E620002L,1
2017/05/02 12:56:23,E620003L,1
2017/05/02 12:56:24,E620029L,1
2017/05/02 13:40:26,E620002L,1
2017/05/02 15:24:38,E620002L,1
2017/05/02 16:32:21,E630261L,1
2017/05/02 17:38:40,E620002L,1
2017/05/02 18:14:19,E620002L,3
2017/05/02 19:32:28,E620002L,1
2017/05/02 20:14:20,E630261L,1
2017/05/02 20:20:37,E630261L,1
2017/05/02 22:28:27,E630261L,1
2017/05/02 23:01:20,E630261L,1
2017/05/02 23:20:33,E630261L,1
2017/05/03 00:01:19,E630261L,1
2017/05/03 05:21:32,E550650L,4
2017/05/03 05:23:28,E620002L,1
2017/05/03 05:27:10,E550650L,2
2017/05/03 05:28:27,E620002L,2
2017/05/03 05:32:53,E620002L,3
2017/05/03 05:41:20,E550650L,1
2017/05/03 05:41:36,E620002L,1
2017/05/03 06:24:50,E550650L,1
2017/05/03 06:35:26,E550650L,1
2017/05/03 06:59:17,E550610L,2
2017/05/03 07:01:39,E620002L,3
2017/05/03 09:29:31,E550610L,1
2017/05/03 09:30:29,E620002L,1
2017/05/03 10:56:18,E550610L,1
2017/05/03 22:03:53,E550650L,1
2017/05/03 22:05:54,E620002L,1
2017/05/03 22:07:05,E601231L,1
2017/05/03 22:12:56,E550650L,1
2017/05/03 22:18:34,E550650L,1
2017/05/03 22:31:20,E550650L,2
2017/05/03 22:34:43,E600016L,1
2017/05/03 22:36:20,E620002L,1
2017/05/03 22:38:33,E550650L,2
2017/05/03 22:40:52,E620002L,1
2017/05/03 22:44:43,E620002L,2
2017/05/03 22:48:14,E620002L,1
2017/05/03 23:50:18,E620002L,1
2017/05/04 00:06:26,E620002L,1
2017/05/04 01:15:43,E630261L,1
2017/05/04 02:23:44,E620002L,1
2017/05/04 03:12:28,E630261L,1
2017/05/04 03:25:21,E630222L,1
2017/05/04 06:18:15,E620002L,1
2017/05/04 06:22:05,E620002L,2
2017/05/04 06:46:55,E630222L,1
2017/05/04 06:54:45,E620002L,1
2017/05/04 07:01:05,E620002L,1
2017/05/04 09:04:13,E630224L,1
2017/05/04 09:10:56,E620002L,1
2017/05/04 09:16:52,E620002L,1
2017/05/04 09:19:29,E620002L,1
2017/05/04 12:20:14,E620002L,1
2017/05/04 13:05:06,E620003L,1
2017/05/04 13:05:06,E620029L,1
2017/05/04 13:06:01,E550903L,1
2017/05/04 15:16:48,E620002L,1
2017/05/04 15:27:04,E630227L,1
2017/05/04 15:28:28,E630267L,1
2017/05/04 15:28:45,E620002L,1
2017/05/04 15:32:59,E630227L,1
2017/05/04 15:51:49,E630227L,3
2017/05/04 16:12:36,E630227L,1
2017/05/04 16:39:30,E620002L,1
2017/05/04 17:32:08,E620002L,1
2017/05/04 17:42:06,E630227L,1
2017/05/04 18:14:55,E620002L,1
2017/05/04 19:15:24,E620002L,1
2017/05/04 19:20:25,E620002L,1
2017/05/04 21:06:48,E620002L,1
2017/05/04 21:55:36,E630224L,1
2017/05/04 22:33:10,E630224L,1
2017/05/04 22:33:22,E620002L,2
2017/05/04 22:53:32,E630224L,1
2017/05/05 00:19:25,E630235L,1
2017/05/05 14:03:26,E620003L,1
2017/05/05 14:03:26,E620029L,1
2017/05/05 14:03:34,E550903L,1
2017/05/05 14:04:46,E620002L,1
2017/05/05 14:20:04,E620002L,1
2017/05/05 14:23:55,E620002L,1
2017/05/05 14:25:58,E620002L,1
2017/05/05 14:45:59,E620002L,1
2017/05/05 16:44:08,E620002L,1
2017/05/06 01:11:19,E620002L,1
2017/05/06 01:57:59,E620002L,1
2017/05/06 03:15:54,E630224L,1
2017/05/06 04:27:58,E620002L,1
2017/05/06 18:20:13,E620002L,1
2017/05/06 18:46:29,E620002L,1
2017/05/06 18:54:27,E620002L,1
2017/05/06 19:13:57,E620003L,1
2017/05/06 19:14:00,E620029L,1
2017/05/06 19:14:15,E601043L,1
2017/05/06 19:28:20,E620002L,1
2017/05/06 19:40:04,E620002L,1
2017/05/06 19:42:28,E620002L,1
2017/05/07 04:12:49,E620003L,1
2017/05/07 04:12:52,E620029L,1
2017/05/07 04:12:55,E601043L,1
2017/05/07 04:18:26,E620003L,1
2017/05/07 04:18:30,E620029L,2
2017/05/07 04:18:47,E601043L,2
2017/05/07 04:19:52,E620002L,1
2017/05/07 04:21:39,E620003L,1
2017/05/08 08:55:14,E620002L,1
2017/05/08 09:27:21,E620002L,1
2017/05/08 09:49:51,E630227L,1
2017/05/08 10:01:51,E620003L,1
2017/05/08 10:01:54,E620029L,1
2017/05/08 10:02:03,E601043L,1
2017/05/08 10:02:16,E620002L,4
2017/05/08 10:04:34,E620002L,1
2017/05/08 11:15:26,E620002L,1
2017/05/08 11:19:39,E620002L,1
2017/05/08 11:27:34,E630224L,1
2017/05/08 11:38:55,E630267L,1
2017/05/08 12:07:26,E630261L,1
2017/05/08 13:40:33,E630261L,1
2017/05/08 15:27:09,E630261L,1
2017/05/08 15:46:38,E630261L,1
2017/05/08 17:48:11,E630261L,1
2017/05/08 18:46:48,E630261L,1
2017/05/08 18:57:41,E630261L,1
2017/05/08 19:41:09,E630261L,2
2017/05/08 19:48:13,E630261L,1
2017/05/08 19:49:24,E620002L,1
2017/05/08 20:12:16,E620002L,1
2017/05/08 20:14:55,E620002L,1
2017/05/08 20:31:57,E620002L,1
2017/05/08 20:56:23,E620003L,1
2017/05/08 20:56:24,E620029L,1
2017/05/08 20:56:27,E610016L,1
2017/05/08 21:09:06,E620002L,2
2017/05/08 21:38:19,E620002L,2
2017/05/08 22:38:59,E550650L,1
2017/05/08 22:39:29,E620002L,1
2017/05/08 22:43:05,E620002L,1
2017/05/09 02:22:23,E630261L,1
2017/05/09 02:59:49,E630261L,1
2017/05/09 10:59:53,E630261L,1
2017/05/09 12:06:31,E550630L,1
2017/05/09 13:00:01,E620029L,1
2017/05/09 13:01:50,E601043L,1
2017/05/09 13:26:42,E620002L,1
2017/05/09 13:27:20,E620003L,1
2017/05/09 13:27:20,E620029L,1
2017/05/09 13:42:05,E620002L,1
2017/05/09 14:02:23,E620002L,1
2017/05/09 15:35:42,E620002L,1
2017/05/09 16:08:11,E620002L,1
2017/05/09 18:58:18,E620002L,1
2017/05/09 19:06:21,E620002L,2
2017/05/09 19:17:04,E620002L,1
2017/05/09 20:29:13,E602017L,1
2017/05/09 20:31:50,E620002L,2
2017/05/09 22:03:51,E620002L,1
2017/05/09 22:51:52,E630261L,1
2017/05/10 04:22:19,E602017L,1
2017/05/10 04:22:38,E620002L,1
2017/05/10 06:07:16,E620002L,2
2017/05/10 07:43:19,E620002L,1
2017/05/10 08:59:19,E620002L,1
2017/05/10 09:15:01,E620002L,1
2017/05/10 09:18:00,E620002L,1
2017/05/10 10:09:41,E620002L,1
2017/05/10 10:57:22,E620029L,1
2017/05/10 10:57:28,E601043L,1
2017/05/10 11:14:04,E620002L,1
2017/05/10 11:38:49,E620002L,1
2017/05/10 11:55:56,E630236L,1
2017/05/10 12:23:39,E620002L,1
2017/05/10 12:33:54,E620002L,1
2017/05/10 13:25:38,E630236L,1
2017/05/10 13:41:55,E620002L,1
2017/05/10 20:20:55,E550620L,1
2017/05/10 20:43:35,E550620L,1
2017/05/10 20:47:53,E550660L,1
2017/05/10 20:59:10,E550620L,1
2017/05/10 22:30:14,E550620L,1
2017/05/10 22:43:06,E550620L,2
2017/05/10 22:49:49,E550620L,1
2017/05/10 23:43:50,E550620L,1
2017/05/11 00:40:36,E550620L,2
2017/05/11 00:59:24,E550620L,1
2017/05/11 02:39:45,E550640L,2
2017/05/11 02:45:17,E550640L,2
2017/05/11 02:46:52,E620002L,2
2017/05/11 02:49:01,E620002L,1
2017/05/11 02:50:30,E550640L,2
2017/05/11 03:14:13,E550620L,1
2017/05/11 03:56:21,E620002L,1
2017/05/11 06:08:48,E620003L,1
2017/05/11 06:08:52,E620029L,1
2017/05/11 06:08:59,E601043L,1
2017/05/11 07:06:03,E620003L,1
2017/05/11 07:06:06,E620029L,1
2017/05/11 07:06:16,E601043L,1
2017/05/11 14:12:31,E620002L,1
2017/05/11 14:37:19,E620002L,2
2017/05/11 18:01:09,E620002L,1
2017/05/11 19:19:22,E602017L,1
2017/05/11 21:33:52,E620003L,1
2017/05/11 21:33:55,E620029L,1
2017/05/11 21:33:59,E601043L,1
2017/05/11 21:56:20,E620002L,1
2017/05/12 01:06:02,E630235L,1
2017/05/12 11:31:53,E620003L,1
2017/05/12 11:31:54,E620029L,1
2017/05/12 11:32:34,E601043L,1
2017/05/12 11:33:39,E620002L,1
2017/05/12 12:58:57,E620003L,1
2017/05/12 12:59:01,E620029L,1
2017/05/12 12:59:05,E601043L,1
2017/05/12 13:27:07,E602017L,1
2017/05/12 13:27:37,E620002L,1
2017/05/12 14:05:41,E620003L,1
2017/05/12 14:05:42,E620029L,1
2017/05/12 14:05:50,E550903L,1
2017/05/12 14:28:49,E620002L,1
2017/05/12 15:03:01,E620002L,1
2017/05/12 16:25:24,E620002L,1
2017/05/12 16:29:06,E620002L,2
2017/05/12 16:55:17,E630227L,1
2017/05/12 19:11:23,E630227L,1
2017/05/12 20:00:11,E620002L,1
2017/05/12 20:53:19,E620002L,1
2017/05/12 20:55:40,E620002L,1
2017/05/12 21:59:08,E620002L,1
2017/05/12 22:42:10,E630227L,1
2017/05/12 22:42:31,E620002L,1
2017/05/12 22:48:58,E630227L,1
2017/05/12 22:49:56,E620002L,1
2017/05/12 22:54:47,E630227L,1
2017/05/13 03:10:45,E620002L,1
2017/05/13 03:16:34,E620002L,1
2017/05/13 03:55:02,E550640L,3
2017/05/13 04:00:57,E620002L,2
2017/05/13 04:02:38,E550640L,1
2017/05/13 04:04:00,E620002L,2
2017/05/13 04:06:19,E620002L,2
2017/05/13 04:07:46,E550640L,1
2017/05/13 04:08:28,E620002L,3
2017/05/13 04:10:45,E620002L,1
2017/05/13 04:13:13,E620002L,1
2017/05/13 04:15:32,E550640L,2
2017/05/13 04:18:15,E620002L,2
2017/05/13 04:33:12,E620002L,2
2017/05/13 04:51:42,E620002L,1
2017/05/13 04:55:10,E620002L,1
2017/05/13 18:41:37,E610038L,1
2017/05/13 18:43:05,E620002L,1
2017/05/13 18:47:05,E620002L,2
2017/05/13 18:50:14,E620002L,1
2017/05/13 19:43:33,E602017L,2
2017/05/13 19:44:13,E620002L,1
2017/05/13 19:46:47,E620002L,2
2017/05/13 21:56:53,E620002L,1
2017/05/13 22:10:38,E620002L,2
2017/05/13 22:18:28,E620002L,2
2017/05/13 22:24:53,E630227L,1
2017/05/13 23:56:59,E630235L,1
2017/05/13 23:57:47,E620002L,1
2017/05/14 00:03:00,E630235L,2
2017/05/14 00:08:33,E620002L,1
2017/05/14 03:34:57,E620002L,1
2017/05/14 03:51:48,E620002L,1
2017/05/14 04:04:41,E620002L,1
2017/05/14 04:08:32,E620002L,1
2017/05/14 04:13:04,E620002L,2
2017/05/14 04:17:02,E620002L,1
2017/05/14 06:47:09,E620002L,1
2017/05/14 07:23:33,E602017L,1
2017/05/14 07:41:11,E630235L,1
2017/05/15 09:34:25,E630235L,1
2017/05/15 09:34:57,E620002L,1
2017/05/15 09:39:45,E630227L,1
2017/05/15 23:58:24,E620003L,2
2017/05/15 23:58:28,E620029L,2
2017/05/15 23:58:31,E601043L,1
2017/05/16 05:10:04,E620003L,1
2017/05/16 05:10:04,E620029L,1
2017/05/16 05:10:40,E601043L,1
2017/05/16 05:11:16,E620002L,1
2017/05/16 09:45:13,E620002L,1
2017/05/16 09:52:28,E620002L,1
2017/05/16 10:53:36,E620002L,1
2017/05/16 13:31:50,E620002L,1
2017/05/16 13:49:40,E620002L,1
2017/05/16 13:52:30,E602017L,1
2017/05/16 13:53:15,E620002L,1
2017/05/16 18:10:35,E620003L,1
2017/05/16 18:10:38,E620029L,1
2017/05/16 18:13:13,E601043L,1
2017/05/17 02:02:11,E620003L,1
2017/05/17 02:02:11,E620029L,1
2017/05/17 02:02:24,E601043L,1
2017/05/17 08:31:22,E630224L,1
2017/05/17 09:01:11,E620002L,1
2017/05/17 09:04:59,E630224L,1
2017/05/17 09:09:28,E630227L,2
2017/05/17 09:16:08,E630227L,1
2017/05/17 09:23:43,E620002L,1
2017/05/17 10:32:13,E620002L,1
2017/05/17 10:40:03,E620002L,1
2017/05/17 11:00:44,E620002L,1
2017/05/17 17:42:23,E602017L,1
2017/05/17 18:14:47,E620002L,1
2017/05/17 18:26:53,E620002L,2
2017/05/17 18:30:33,E620002L,1
2017/05/17 18:34:24,E620002L,1
2017/05/17 18:57:05,E620003L,1
2017/05/17 18:57:05,E620029L,1
2017/05/17 18:57:15,E601043L,1
2017/05/17 18:57:25,E620002L,1
2017/05/18 00:47:38,E620002L,1
2017/05/18 02:15:02,E620002L,1
2017/05/18 02:22:45,E620002L,2
2017/05/18 02:25:39,E620002L,1
2017/05/18 02:30:16,E620002L,1
2017/05/18 03:37:14,E620002L,1
2017/05/18 03:45:25,E620002L,1
2017/05/18 03:55:36,E630235L,2
2017/05/18 04:21:58,E620002L,1
2017/05/18 04:44:43,E601043L,1
2017/05/18 04:44:44,E620029L,1
2017/05/18 04:46:06,E620002L,1
2017/05/18 05:08:52,E601043L,1
2017/05/18 05:08:52,E620029L,1
2017/05/18 11:14:43,E620002L,1
2017/05/18 11:24:28,E620002L,1
2017/05/18 13:18:21,E620002L,1
2017/05/18 14:20:07,E620002L,1
2017/05/18 14:54:52,E620002L,1
2017/05/18 15:02:40,E620002L,2
2017/05/18 15:04:49,E620003L,1
2017/05/18 15:04:50,E620029L,1
2017/05/18 15:05:06,E620002L,1
2017/05/18 15:22:19,E620002L,1
2017/05/18 15:25:21,E620002L,1
2017/05/18 15:31:19,E620002L,3
2017/05/18 16:19:49,E620003L,1
2017/05/18 16:19:52,E620029L,1
2017/05/18 16:20:05,E601043L,1
2017/05/18 16:20:12,E620002L,1
2017/05/18 17:35:11,E620002L,1
2017/05/18 17:38:49,E620002L,1
2017/05/18 17:59:09,E620002L,1
2017/05/18 18:40:03,E630261L,1
2017/05/18 21:44:17,E620002L,1
2017/05/18 21:48:48,E620002L,1
2017/05/18 21:54:23,E620002L,1
2017/05/19 00:21:38,E630227L,1
2017/05/19 02:10:15,E620002L,1
2017/05/19 02:23:19,E620002L,1
2017/05/19 02:29:24,E620002L,1
2017/05/19 02:36:36,E620002L,1
2017/05/19 02:39:16,E620002L,1
2017/05/19 02:49:48,E630227L,2
2017/05/19 03:35:32,E620029L,1
2017/05/19 03:35:50,E601043L,1
2017/05/19 03:36:22,E620002L,1
2017/05/19 04:45:27,E630261L,1
2017/05/19 09:02:14,E602017L,1
2017/05/19 09:02:36,E620002L,1
2017/05/19 12:38:33,E620002L,1
2017/05/19 12:41:43,E620002L,2
2017/05/19 18:29:47,E630227L,1
2017/05/19 18:40:06,E630227L,1
2017/05/19 19:37:02,E630227L,1
2017/05/20 15:07:52,E620002L,1
2017/05/20 15:12:52,E620002L,1
2017/05/20 18:07:02,E620002L,1
2017/05/20 18:16:29,E620002L,1
2017/05/20 18:21:24,E620002L,1
2017/05/20 18:29:18,E620002L,1
2017/05/20 18:52:21,E620002L,2
2017/05/20 19:02:07,E620002L,1
2017/05/20 19:21:50,E620002L,1
2017/05/20 23:07:09,E620002L,1
2017/05/20 23:10:28,E620002L,1
2017/05/21 03:32:12,E620002L,1
2017/05/21 04:44:04,E620003L,1
2017/05/21 04:44:04,E620029L,1
2017/05/21 04:48:49,E550903L,1
2017/05/21 05:52:01,E602017L,1
2017/05/21 05:54:34,E620002L,2
2017/05/21 06:14:59,E602017L,1
2017/05/21 06:16:14,E620002L,1
2017/05/21 06:19:54,E620002L,1
2017/05/21 06:35:52,E602017L,1
2017/05/22 08:45:10,E620002L,1
2017/05/22 09:53:28,E630235L,3
2017/05/22 09:53:39,E620002L,1
2017/05/22 09:57:45,E620002L,1
2017/05/22 09:59:18,E630227L,1
2017/05/22 10:00:53,E630235L,2
2017/05/22 10:04:27,E620002L,1
2017/05/22 18:35:05,E620002L,2
2017/05/22 18:46:17,E620002L,1
2017/05/23 13:01:31,E602017L,1
2017/05/23 14:03:17,E620002L,1
2017/05/23 15:31:09,E620002L,1
2017/05/23 17:07:19,E620002L,1
2017/05/23 17:15:19,E620002L,1
2017/05/23 17:30:00,E630222L,1
2017/05/23 17:30:16,E620002L,1
2017/05/23 18:11:52,E602017L,1
2017/05/23 18:12:48,E620002L,1
2017/05/23 18:36:53,E602017L,1
2017/05/23 18:38:34,E620002L,1
2017/05/23 20:07:31,E620002L,1
2017/05/23 20:31:55,E630224L,1
2017/05/23 21:28:28,E630261L,1
2017/05/23 21:57:42,E630261L,2
2017/05/23 21:58:07,E620002L,1
2017/05/23 22:02:33,E601043L,1
2017/05/23 22:08:00,E630261L,1
2017/05/23 22:14:37,E630261L,1
2017/05/23 22:31:03,E620003L,1
2017/05/23 22:31:03,E620029L,1
2017/05/23 22:31:46,E550903L,1
2017/05/23 22:45:49,E630261L,1
2017/05/23 22:52:20,E630261L,1
2017/05/23 22:58:59,E630261L,2
2017/05/23 22:59:23,E620002L,1
2017/05/23 23:22:39,E630261L,1
2017/05/23 23:27:43,E630261L,1
2017/05/24 01:31:24,E620002L,1
2017/05/24 01:34:24,E620002L,1
2017/05/24 01:36:39,E620002L,1
2017/05/24 02:39:46,E620003L,1
2017/05/24 02:39:47,E620029L,2
2017/05/24 02:40:01,E601043L,2
2017/05/24 02:40:18,E620002L,1
2017/05/24 02:42:03,E620003L,1
2017/05/24 02:42:28,E620002L,2
2017/05/24 06:46:52,E620003L,1
2017/05/24 06:46:56,E620029L,1
2017/05/24 06:47:05,E601043L,1
2017/05/24 06:57:01,E620002L,1
2017/05/24 07:00:10,E620002L,1
2017/05/24 07:23:41,E620002L,1
2017/05/24 07:43:31,E620002L,1
2017/05/24 07:56:15,E620002L,1
2017/05/24 08:00:05,E620002L,1
2017/05/24 08:57:27,E620002L,1
2017/05/24 08:59:35,E620002L,1
2017/05/24 09:07:39,E620002L,1
2017/05/24 09:12:00,E620002L,1
2017/05/24 09:15:35,E620002L,1
2017/05/24 09:18:04,E620002L,1
2017/05/24 10:00:19,E620002L,1
2017/05/24 12:25:56,E630261L,1
2017/05/24 12:46:43,E630261L,1
2017/05/24 12:59:14,E630261L,1
2017/05/24 13:59:18,E630261L,1
2017/05/24 14:26:06,E630261L,1
2017/05/24 14:47:40,E620002L,1
2017/05/24 22:16:18,E620002L,1
2017/05/24 22:28:45,E620002L,1
2017/05/24 22:32:18,E620002L,1
2017/05/25 01:02:39,E620029L,1
2017/05/25 01:02:47,E601043L,1
2017/05/25 01:03:37,E620002L,1
2017/05/25 08:30:08,E620002L,1
2017/05/25 09:56:59,E620002L,1
2017/05/25 15:11:36,E620002L,1
2017/05/25 15:19:45,E620002L,1
2017/05/25 15:32:56,E620002L,1
2017/05/25 17:25:24,E630222L,1
2017/05/25 20:08:16,E630224L,1
2017/05/25 20:08:27,E620002L,1
2017/05/25 20:10:38,E620002L,1
2017/05/25 20:22:16,E630235L,1
2017/05/25 20:22:57,E620002L,1
2017/05/25 21:10:40,E630261L,1
2017/05/25 21:11:43,E620002L,1
2017/05/25 21:14:00,E630235L,1
2017/05/25 21:14:27,E620002L,1
2017/05/25 21:40:16,E630261L,1
2017/05/25 22:31:18,E630261L,1
2017/05/26 04:52:13,E620002L,1
2017/05/26 05:19:23,E620003L,1
2017/05/26 05:19:23,E620029L,1
2017/05/26 05:19:32,E550903L,1
2017/05/26 05:19:47,E620002L,1
2017/05/26 05:32:31,E620003L,1
2017/05/26 05:32:31,E620029L,1
2017/05/26 05:33:13,E601043L,1
2017/05/26 05:33:34,E620002L,1
2017/05/27 04:56:03,E620002L,1
2017/05/31 08:13:08,E620032L,1
2017/05/31 08:24:37,E620032L,2
2017/05/31 08:44:08,E620002L,1
2017/06/01 03:40:47,E620002L,1
2017/06/01 04:00:58,E620002L,1
2017/06/01 04:09:44,E601043L,1
2017/06/01 04:09:44,E620029L,1
2017/06/01 04:09:57,E620002L,1
2017/06/01 12:08:22,E620003L,1
2017/06/01 12:08:25,E620029L,1
2017/06/01 12:08:42,E601043L,1
2017/06/01 12:08:55,E620002L,1
2017/06/01 13:14:37,E620002L,1
2017/06/01 13:21:30,E620002L,1
2017/06/01 13:28:54,E620002L,1
2017/06/01 13:33:00,E620002L,1
2017/06/01 14:00:28,E620002L,1
2017/06/01 16:52:06,E620003L,1
2017/06/01 16:52:07,E620029L,1
2017/06/01 16:53:52,E601043L,1
2017/06/02 05:11:09,E601043L,1
2017/06/02 05:11:09,E620029L,1
2017/06/02 05:11:23,E620002L,1
2017/06/02 05:55:13,E630227L,1
2017/06/02 05:59:12,E630223L,1
2017/06/03 06:35:17,E620002L,1
2017/06/03 06:37:38,E620002L,1
2017/06/03 06:56:28,E630235L,1
2017/06/03 22:47:15,E620002L,1
2017/06/03 23:11:00,E620002L,1
2017/06/04 00:41:34,E620002L,1
2017/06/04 01:21:41,E630235L,1
2017/06/04 01:22:09,E620002L,1
2017/06/04 02:42:08,E550900L,1
2017/06/04 02:50:12,E610030L,1
2017/06/04 02:50:22,E620002L,3
2017/06/05 08:42:32,E620002L,1
2017/06/05 09:09:56,E630227L,1
2017/06/05 09:18:46,E630227L,1
2017/06/05 09:25:30,E630227L,1
2017/06/05 09:30:31,E620002L,1
2017/06/05 10:10:00,E630227L,1
2017/06/05 10:17:43,E630227L,1
2017/06/05 10:23:59,E601043L,1
2017/06/05 10:24:00,E620003L,1
2017/06/05 10:24:01,E620029L,1
2017/06/05 10:25:43,E610061L,1
2017/06/05 10:42:57,E530024L,1
2017/06/05 10:45:43,E620002L,3
2017/06/05 10:48:51,E620002L,3
2017/06/05 10:51:48,E620002L,1
2017/06/05 18:23:50,E620002L,1
2017/06/05 18:27:52,E620002L,1
2017/06/05 18:59:38,E620002L,1
2017/06/06 01:18:26,E620002L,1
2017/06/06 01:22:53,E607000L,1
2017/06/06 01:26:04,E610024L,1
2017/06/06 01:27:12,E620002L,2
2017/06/06 01:31:09,E620002L,1
2017/06/06 02:12:39,E630223L,1
2017/06/06 05:37:49,E550900L,1
2017/06/06 05:38:23,E620002L,2
2017/06/06 09:11:11,E601043L,1
2017/06/06 09:11:12,E620003L,1
2017/06/06 09:11:13,E620029L,1
2017/06/06 09:13:01,E620002L,1
2017/06/06 09:15:32,E620002L,1
2017/06/06 10:41:48,E620002L,1
2017/06/06 11:42:02,E620002L,1
2017/06/06 13:10:20,E630227L,1
2017/06/06 13:15:27,E630227L,1
2017/06/06 16:28:40,E620002L,1
2017/06/06 17:08:45,E602017L,1
2017/06/06 18:13:06,E620002L,1
2017/06/06 19:55:40,E620003L,1
2017/06/06 19:55:40,E620029L,1
2017/06/06 19:55:49,E550903L,1
2017/06/06 19:57:59,E620002L,1
2017/06/06 20:15:14,E620002L,1
2017/06/06 20:37:10,E620002L,2
2017/06/06 22:06:31,E620002L,1
2017/06/06 22:43:16,E620002L,1
2017/06/06 22:52:42,E630235L,1
2017/06/06 22:53:22,E620002L,1
2017/06/07 00:38:19,E620002L,1
2017/06/07 00:59:04,E620002L,1
2017/06/07 01:14:33,E630235L,1
2017/06/07 01:15:05,E620002L,1
2017/06/07 01:35:32,E630235L,1
2017/06/07 03:00:05,E620002L,1
2017/06/07 03:39:20,E620003L,1
2017/06/07 03:39:21,E620029L,1
2017/06/07 03:40:50,E601043L,1
2017/06/07 17:18:34,E620002L,2
2017/06/07 17:21:12,E620002L,1
2017/06/07 17:26:18,E620002L,2
2017/06/08 01:48:21,E620029L,1
2017/06/08 01:49:28,E601043L,1
2017/06/08 03:31:41,E620002L,1
2017/06/08 03:38:55,E620002L,1
2017/06/08 04:18:24,E630261L,1
2017/06/08 06:54:15,E530024L,1
2017/06/08 06:55:17,E610038L,1
2017/06/08 06:56:22,E610049L,1
2017/06/08 06:57:02,E620002L,2
2017/06/08 06:59:12,E620002L,3
2017/06/08 08:33:12,E620002L,1
2017/06/08 15:03:24,E620003L,1
2017/06/08 15:03:24,E620029L,1
2017/06/08 15:03:34,E550903L,1
2017/06/08 15:04:33,E620002L,1
2017/06/09 00:52:37,E620002L,1
2017/06/09 10:42:24,E620002L,1
2017/06/09 12:27:20,E630227L,1
2017/06/09 12:33:32,E630235L,1
2017/06/09 13:17:56,E620002L,1
2017/06/09 13:24:39,E620002L,2
2017/06/09 13:55:22,E620002L,1
2017/06/09 15:03:53,E620002L,1
2017/06/09 15:18:37,E630235L,1
2017/06/09 15:19:00,E620002L,2
2017/06/09 16:23:11,E630227L,1
2017/06/09 16:25:43,E630237L,1
2017/06/09 16:26:44,E620002L,2
2017/06/10 01:25:04,E620002L,1
2017/06/10 03:07:36,E630261L,1
2017/06/10 06:20:24,E620002L,1
2017/06/10 06:22:50,E620002L,1
2017/06/10 07:48:42,E630261L,1
2017/06/10 09:25:52,E630261L,1
2017/06/10 10:04:55,E620002L,2
2017/06/10 10:07:01,E620002L,1
2017/06/10 10:16:32,E620002L,1
2017/06/10 10:23:12,E620002L,1
2017/06/11 02:41:58,E620002L,1
2017/06/11 03:17:39,E620002L,2
2017/06/11 04:24:05,E620002L,2
2017/06/11 06:27:17,E620002L,1
2017/06/11 06:29:52,E620002L,1
2017/06/11 07:46:11,E602017L,1
2017/06/11 07:46:38,E620002L,1
2017/06/12 08:11:21,E620032L,1
2017/06/12 08:53:49,E620002L,1
2017/06/12 08:59:47,E620002L,1
2017/06/12 09:01:54,E620002L,1
2017/06/12 09:54:09,E620002L,1
2017/06/12 09:56:16,E620002L,1
2017/06/12 10:49:51,E620002L,2
2017/06/12 10:53:57,E620002L,2
2017/06/12 10:57:47,E620002L,3
2017/06/12 11:00:33,E620002L,1
2017/06/12 11:00:53,E620003L,1
2017/06/12 11:00:54,E620029L,1
2017/06/12 11:05:18,E620002L,1
2017/06/12 11:28:09,E630227L,1
2017/06/12 11:28:59,E610024L,1
2017/06/12 11:30:31,E620002L,2
2017/06/12 11:32:25,E620029L,1
2017/06/12 11:38:01,E620002L,2
2017/06/12 11:52:46,E620002L,1
2017/06/12 11:58:28,E620002L,1
2017/06/12 11:59:04,E620003L,1
2017/06/12 11:59:04,E620029L,1
2017/06/12 12:00:49,E620002L,2
2017/06/12 12:06:37,E610061L,1
2017/06/12 12:09:54,E620002L,2
2017/06/12 12:22:04,E620002L,2
2017/06/12 12:24:55,E620002L,1
2017/06/12 12:31:02,E620002L,1
2017/06/12 12:33:35,E620002L,1
2017/06/12 12:39:40,E620002L,2
2017/06/12 12:41:49,E620002L,1
2017/06/12 14:44:26,E620002L,1
2017/06/12 14:51:12,E620002L,2
2017/06/12 14:53:41,E620002L,2
2017/06/12 16:10:24,E620002L,2
2017/06/12 16:16:23,E620002L,1
2017/06/12 16:18:27,E620002L,2
2017/06/12 16:21:12,E620002L,1
2017/06/12 16:27:18,E620002L,2
2017/06/12 16:53:56,E630234L,1
2017/06/12 18:42:05,E620002L,2
2017/06/12 18:52:10,E620002L,1
2017/06/12 18:57:50,E630264L,1
2017/06/12 18:58:34,E620002L,1
2017/06/12 19:19:36,E620002L,1
2017/06/13 01:23:57,E602017L,1
2017/06/13 01:51:17,E620002L,1
2017/06/13 02:25:23,E630227L,1
2017/06/13 03:55:04,E620002L,1
2017/06/13 04:06:08,E620002L,1
2017/06/13 12:23:26,E550620L,1
2017/06/13 12:26:11,E620002L,1
2017/06/13 12:40:35,E620002L,1
2017/06/13 13:07:12,E620002L,1
2017/06/14 10:36:32,E620002L,1
2017/06/14 11:45:27,E620002L,1
2017/06/14 12:14:13,E630235L,2
2017/06/14 12:20:17,E630236L,1
2017/06/14 12:20:50,E620002L,1
2017/06/14 12:22:47,E630227L,2
2017/06/14 12:30:17,E630227L,1
2017/06/14 12:35:45,E630236L,1
2017/06/14 12:38:53,E620002L,1
2017/06/14 13:05:35,E630236L,2
2017/06/14 13:09:23,E620002L,2
2017/06/14 13:11:11,E630236L,1
2017/06/14 13:16:32,E630236L,2
2017/06/14 13:16:45,E620002L,2
2017/06/14 14:35:28,E620002L,1
2017/06/14 18:23:43,E620002L,1
2017/06/14 18:50:23,E530024L,2
2017/06/14 18:50:42,E620002L,2
2017/06/14 18:53:47,E620002L,1
2017/06/14 18:57:07,E620002L,3
2017/06/14 19:22:03,E620002L,1
2017/06/14 19:25:27,E620002L,4
2017/06/14 19:35:25,E630236L,1
2017/06/14 19:36:24,E620002L,1
2017/06/14 19:43:58,E630236L,1
2017/06/14 19:44:32,E620002L,1
2017/06/14 20:07:51,E630237L,1
2017/06/14 20:13:43,E630236L,1
2017/06/14 20:16:17,E630227L,1
2017/06/14 20:22:46,E630237L,1
2017/06/14 20:30:18,E630237L,1
2017/06/14 20:36:25,E630236L,2
2017/06/14 20:43:50,E630237L,1
2017/06/14 20:47:26,E630236L,2
2017/06/14 20:50:13,E620002L,1
2017/06/14 20:54:09,E630237L,1
2017/06/14 20:56:30,E630236L,1
2017/06/14 22:03:10,E602017L,1
2017/06/14 22:05:38,E620003L,2
2017/06/14 22:05:38,E620029L,2
2017/06/14 22:05:50,E601043L,1
2017/06/14 22:06:45,E620002L,3
2017/06/15 00:11:37,E620002L,1
2017/06/15 01:48:39,E630224L,1
2017/06/15 01:55:43,E630224L,1
2017/06/15 02:18:48,E620002L,1
2017/06/15 03:48:29,E620002L,1
2017/06/15 04:29:44,E620029L,1
2017/06/15 04:30:40,E601043L,1
2017/06/15 06:29:39,E620029L,1
2017/06/15 06:29:59,E601043L,1
2017/06/15 08:38:37,E620002L,1
2017/06/15 09:13:29,E630235L,1
2017/06/15 09:47:30,E550630L,1
2017/06/15 09:48:40,E620002L,1
2017/06/15 12:24:42,E620002L,1
2017/06/15 12:31:30,E620002L,1
2017/06/15 12:34:21,E620002L,1
2017/06/15 12:52:54,E620002L,1
2017/06/15 12:55:30,E620002L,1
2017/06/15 13:05:07,E620002L,1
2017/06/15 13:51:50,E630235L,1
2017/06/15 13:57:49,E630235L,1
2017/06/15 13:58:39,E620002L,1
2017/06/15 14:27:35,E630235L,1
2017/06/15 14:42:11,E630235L,1
2017/06/15 14:45:02,E602017L,2
2017/06/15 14:49:13,E620002L,1
2017/06/15 14:51:35,E630235L,1
2017/06/15 17:20:58,E620002L,1
2017/06/15 17:26:51,E620002L,1
2017/06/15 17:59:51,E620002L,3
2017/06/15 18:02:01,E620002L,1
2017/06/15 20:52:02,E620002L,1
2017/06/15 21:24:58,E620002L,1
2017/06/15 22:16:50,E620002L,1
2017/06/15 22:24:27,E620002L,1
2017/06/16 01:01:33,E630261L,1
2017/06/16 01:28:43,E620002L,1
2017/06/16 02:38:28,E630235L,1
2017/06/16 03:40:54,E620003L,1
2017/06/16 03:40:55,E620029L,1
2017/06/16 03:45:14,E550903L,1
2017/06/16 04:08:59,E601043L,1
2017/06/16 04:09:00,E620029L,1
2017/06/16 04:12:44,E620002L,1
2017/06/16 04:32:59,E620002L,2
2017/06/16 04:46:04,E620003L,1
2017/06/16 04:46:07,E620029L,1
2017/06/16 04:46:11,E601043L,1
2017/06/16 04:47:09,E620002L,2
2017/06/16 04:49:31,E620002L,3
2017/06/16 04:54:13,E630235L,1
2017/06/16 04:55:05,E620002L,1
2017/06/16 05:58:31,E630235L,1
2017/06/16 06:58:51,E620003L,1
2017/06/16 06:58:51,E620029L,2
2017/06/16 07:00:04,E550903L,1
2017/06/16 07:02:22,E601043L,1
2017/06/16 07:06:37,E620002L,2
2017/06/16 10:05:54,E620002L,1
2017/06/16 11:21:44,E630227L,1
2017/06/16 11:22:15,E620002L,1
2017/06/16 11:26:24,E630224L,1
2017/06/16 12:17:59,E630227L,1
2017/06/16 12:51:22,E530024L,1
2017/06/16 14:51:34,E620002L,1
2017/06/16 15:02:05,E620002L,2
2017/06/16 15:11:54,E620002L,1
2017/06/16 15:33:24,E620002L,1
2017/06/16 15:41:59,E620002L,1
2017/06/16 16:02:40,E620002L,1
2017/06/16 17:25:43,E630227L,1
2017/06/16 17:44:02,E630227L,1
2017/06/16 18:01:03,E630236L,1
2017/06/16 19:07:05,E630227L,1
2017/06/16 19:36:26,E630227L,1
2017/06/16 19:36:42,E620002L,1
2017/06/16 19:55:28,E630235L,1
2017/06/16 19:55:35,E620002L,1
2017/06/16 20:13:47,E620002L,1
2017/06/16 21:43:57,E620002L,2
2017/06/16 21:48:26,E620002L,1
2017/06/16 23:06:12,E630235L,1
2017/06/16 23:51:21,E620002L,2
2017/06/17 00:18:01,E620002L,1
2017/06/17 00:57:53,E620002L,1
2017/06/17 01:01:05,E620002L,1
2017/06/17 01:05:49,E620002L,1
2017/06/17 02:23:17,E620002L,1
2017/06/17 02:43:42,E620002L,1
2017/06/17 02:50:45,E620002L,1
2017/06/17 02:57:27,E620002L,1
2017/06/17 18:08:56,E530024L,1
2017/06/17 19:14:28,E620003L,1
2017/06/17 19:14:29,E620029L,1
2017/06/17 19:14:43,E601043L,1
2017/06/17 19:14:50,E620002L,1
2017/06/17 19:22:06,E620003L,1
2017/06/17 19:22:07,E620029L,1
2017/06/17 19:22:18,E550903L,1
2017/06/17 19:23:14,E620002L,1
2017/06/18 05:15:16,E610060L,1
2017/06/18 05:16:33,E620002L,2
2017/06/19 08:24:23,E620032L,1
2017/06/19 08:43:55,E600016L,5
2017/06/19 08:43:59,E620002L,1
2017/06/19 08:46:13,E620002L,2
2017/06/19 08:58:26,E600016L,5
2017/06/19 09:04:11,E600016L,3
2017/06/19 09:07:22,E601231L,1
2017/06/19 09:10:00,E600016L,3
2017/06/19 09:16:35,E600016L,9
2017/06/19 09:16:52,E620002L,1
2017/06/19 09:22:33,E600016L,2
2017/06/19 09:28:54,E600016L,4
2017/06/19 09:36:06,E620002L,1
2017/06/19 09:37:05,E600016L,3
2017/06/19 09:42:46,E620002L,2
2017/06/19 09:44:22,E600016L,1
2017/06/19 09:52:58,E620003L,1
2017/06/19 09:52:59,E620029L,1
2017/06/19 10:07:31,E630227L,1
2017/06/19 10:07:46,E620002L,1
2017/06/19 10:12:48,E630227L,1
2017/06/19 10:19:28,E630261L,2
2017/06/19 10:41:09,E630227L,1
2017/06/19 11:26:20,E620002L,1
2017/06/19 11:31:51,E620002L,1
2017/06/19 12:17:10,E630224L,1
2017/06/19 12:51:27,E630267L,1
2017/06/19 12:52:15,E630211L,1
2017/06/19 12:52:32,E620002L,1
2017/06/19 14:32:03,E630235L,1
2017/06/19 15:05:01,E602017L,1
2017/06/19 15:05:44,E620002L,1
2017/06/19 16:09:44,E630224L,1
2017/06/19 16:11:41,E630235L,1
2017/06/19 16:29:54,E620002L,1
2017/06/19 16:38:15,E620002L,1
2017/06/19 20:14:04,E620002L,1
2017/06/19 20:17:16,E620002L,1
2017/06/19 22:03:32,E602017L,1
2017/06/19 22:23:28,E630235L,1
2017/06/19 22:24:40,E620002L,2
2017/06/19 22:37:38,E620002L,1
2017/06/19 22:48:51,E620002L,1
2017/06/19 22:53:23,E620002L,2
2017/06/19 23:09:11,E630221L,1
2017/06/19 23:09:44,E620002L,1
2017/06/20 06:26:39,E620002L,2
2017/06/20 06:28:53,E620002L,2
2017/06/20 06:44:17,E620002L,1
2017/06/20 06:46:53,E620002L,3
2017/06/20 06:49:47,E620002L,1
2017/06/20 07:03:20,E620002L,2
2017/06/20 07:08:11,E620002L,2
2017/06/20 07:08:44,E610038L,1
2017/06/20 07:10:15,E620002L,3
2017/06/20 07:29:35,E630261L,1
2017/06/20 18:00:52,E620002L,1
2017/06/20 18:06:08,E620002L,1
2017/06/20 18:25:34,E630227L,1
2017/06/21 01:30:53,E620002L,1
2017/06/21 08:21:02,E620002L,1
2017/06/21 08:24:07,E620002L,1
2017/06/21 08:29:16,E620002L,1
2017/06/21 08:33:00,E620002L,1
2017/06/21 08:36:06,E620002L,1
2017/06/21 08:40:15,E620002L,1
2017/06/21 08:46:11,E620002L,1
2017/06/21 08:56:16,E620002L,1
2017/06/21 10:02:39,E630235L,1
2017/06/21 10:53:49,E620002L,1
2017/06/21 10:59:34,E620002L,1
2017/06/21 11:13:28,E530024L,1
2017/06/21 11:14:43,E620002L,1
2017/06/21 11:48:28,E630235L,1
2017/06/21 11:59:55,E620003L,1
2017/06/21 11:59:58,E620029L,1
2017/06/21 12:00:40,E601043L,1
2017/06/21 16:02:47,E550630L,1
2017/06/21 16:04:12,E620002L,1
2017/06/22 01:16:14,E620002L,2
2017/06/23 05:05:59,E620002L,1
2017/06/23 07:41:06,E620002L,1
2017/06/23 07:46:44,E620002L,1
2017/06/23 08:38:09,E630235L,1
2017/06/23 08:39:58,E620002L,1
2017/06/23 10:06:49,E620002L,2
2017/06/23 10:23:42,E620002L,1
2017/06/23 12:05:35,E620002L,1
2017/06/23 13:37:30,E620002L,1
2017/06/23 13:37:48,E601231L,1
2017/06/23 13:40:47,E620002L,1
2017/06/23 15:53:26,E620002L,1
2017/06/23 16:18:03,E620002L,1
2017/06/23 16:44:49,E620002L,2
2017/06/23 16:50:21,E620002L,3
2017/06/23 17:06:09,E620002L,1
2017/06/23 18:09:56,E620002L,2
2017/06/23 23:31:06,E620002L,1
2017/06/23 23:33:14,E620002L,1
2017/06/23 23:36:29,E620002L,1
2017/06/24 00:14:50,E620029L,1
2017/06/24 00:14:55,E601043L,1
2017/06/24 11:08:30,E620029L,1
2017/06/24 11:08:34,E601043L,1
2017/06/24 11:09:34,E620002L,1
2017/06/24 12:29:56,E620002L,1
2017/06/24 12:35:57,E620002L,2
2017/06/24 16:27:23,E550630L,1
2017/06/24 16:27:48,E620002L,2
2017/06/24 16:29:10,E600016L,2
2017/06/24 16:32:06,E620002L,1
2017/06/24 19:58:58,E620002L,1
2017/06/24 20:05:34,E620002L,1
2017/06/24 20:25:00,E630224L,1
2017/06/24 21:23:24,E630261L,1
2017/06/24 21:39:06,E630261L,1
2017/06/25 00:02:28,E620002L,1
2017/06/25 00:04:32,E620002L,2
2017/06/25 02:22:33,E620002L,1
2017/06/25 02:28:11,E620002L,1
2017/06/25 02:30:18,E620002L,1
2017/06/25 07:17:10,E630235L,1
2017/06/25 07:20:43,E630223L,1
2017/06/25 07:23:37,E630224L,1
2017/06/25 07:24:28,E620002L,2
2017/06/26 08:11:07,E620032L,1
2017/06/26 10:15:27,E620002L,1
2017/06/26 10:18:17,E620002L,2
2017/06/26 10:20:24,E620002L,2
2017/06/26 10:23:16,E620002L,1
2017/06/26 10:29:00,E620002L,1
2017/06/26 10:46:47,E620002L,1
2017/06/26 11:35:05,E620002L,1
2017/06/26 14:00:20,E620002L,1
2017/06/26 14:27:23,E620002L,1
2017/06/26 14:32:58,E620002L,1
2017/06/26 15:03:53,E610060L,1
2017/06/26 15:11:59,E600016L,1
2017/06/26 15:15:16,E620002L,1
2017/06/26 17:44:52,E610060L,1
2017/06/26 17:50:01,E620002L,2
2017/06/26 18:07:31,E630235L,1
2017/06/26 19:00:46,E620003L,1
2017/06/26 19:00:49,E620029L,1
2017/06/26 19:01:43,E601043L,1
2017/06/26 19:02:26,E620002L,1
2017/06/27 03:46:08,E620003L,1
2017/06/27 03:46:09,E620029L,1
2017/06/27 03:46:34,E550903L,1
2017/06/27 03:46:42,E620002L,1
2017/06/27 04:06:28,E620002L,1
2017/06/27 04:08:54,E620002L,1
2017/06/27 04:11:22,E620002L,1
2017/06/27 05:48:44,E620002L,2
2017/06/27 06:02:13,E620002L,1
2017/06/27 06:06:45,E620002L,1
2017/06/27 06:30:31,E620002L,1
2017/06/27 06:54:27,E620002L,1
2017/06/27 08:12:25,E620003L,1
2017/06/27 08:12:25,E620029L,1
2017/06/27 08:13:10,E550903L,1
2017/06/27 08:34:54,E620002L,2
2017/06/27 08:37:43,E620002L,1
2017/06/27 10:18:25,E620002L,1
2017/06/27 10:26:37,E620002L,1
2017/06/27 10:33:41,E630224L,1
2017/06/27 10:44:17,E620002L,1
2017/06/27 10:52:14,E620002L,2
2017/06/27 12:30:13,E620002L,1
2017/06/27 13:29:57,E630261L,1
2017/06/27 14:18:15,E630227L,2
2017/06/27 15:07:43,E620002L,1
2017/06/27 17:14:28,E620002L,2
2017/06/27 17:47:40,E620002L,1
2017/06/27 18:04:51,E630261L,1
2017/06/27 18:05:29,E620002L,1
2017/06/27 18:13:28,E620002L,2
2017/06/27 18:17:04,E620002L,1
2017/06/27 18:34:32,E620002L,1
2017/06/27 18:44:13,E620002L,1
2017/06/27 19:29:46,E620002L,1
2017/06/27 20:52:57,E630227L,1
2017/06/27 21:16:55,E630264L,1
2017/06/27 21:18:13,E620002L,1
2017/06/28 01:11:56,E620002L,1
2017/06/28 01:29:41,E620002L,1
2017/06/28 01:39:37,E620002L,1
2017/06/28 02:19:59,E620002L,1
2017/06/28 10:09:31,E620002L,1
2017/06/28 11:18:52,E620002L,1
2017/06/28 12:20:33,E620002L,1
2017/06/28 12:39:53,E630227L,2
2017/06/28 13:31:43,E630227L,1
2017/06/28 16:11:46,E620002L,2
2017/06/28 16:38:08,E630224L,2
2017/06/28 18:51:34,E620002L,1
2017/06/28 19:02:06,E620002L,2
2017/06/28 19:15:32,E620002L,1
2017/06/28 19:27:18,E620002L,1
2017/06/28 19:36:54,E620002L,2
2017/06/28 19:41:22,E620002L,1
2017/06/28 20:05:27,E620002L,1
2017/06/28 20:08:04,E620002L,1
2017/06/28 20:26:42,E620002L,1
2017/06/28 20:38:07,E550660L,1
2017/06/28 20:39:26,E620002L,1
2017/06/28 23:47:46,E550660L,1
2017/06/28 23:48:22,E620002L,1
2017/06/29 09:42:09,E620002L,1
2017/06/29 10:06:25,E620002L,1
2017/06/29 10:32:26,E620002L,1
2017/06/29 11:29:49,E620002L,1
2017/06/29 12:18:14,E630235L,1
2017/06/30 20:06:34,E620002L,2
2017/06/30 20:11:46,E630224L,1
2017/06/30 20:20:56,E630235L,1
2017/06/30 20:44:53,E630235L,1
2017/07/01 02:03:40,E630261L,1
2017/07/03 08:45:54,E620002L,1
2017/07/03 09:37:16,E620002L,1
2017/07/03 09:52:08,E620002L,1
2017/07/03 10:09:27,E620002L,1
2017/07/03 10:18:42,E620002L,2
2017/07/03 10:23:01,E620002L,1
2017/07/03 10:33:34,E620002L,1
2017/07/03 11:08:04,E620002L,1
2017/07/03 12:00:23,E620002L,1
2017/07/03 14:20:51,E620002L,1
2017/07/03 14:55:00,E620002L,1
2017/07/03 15:41:18,E630261L,1
2017/07/03 16:37:04,E602017L,1
2017/07/03 16:37:33,E620002L,2
2017/07/03 17:28:43,E620002L,1
2017/07/03 17:58:39,E620002L,1
2017/07/03 22:54:37,E620002L,2
2017/07/03 22:58:56,E620002L,2
2017/07/03 23:02:29,E620002L,2
2017/07/03 23:11:23,E620002L,3
2017/07/04 03:40:17,E602017L,1
2017/07/04 04:20:48,E620002L,1
2017/07/04 08:23:10,E630261L,1
2017/07/04 08:23:50,E620002L,1
2017/07/04 08:50:39,E620002L,1
2017/07/04 09:02:30,E620002L,1
2017/07/04 09:05:03,E620002L,2
2017/07/04 10:34:39,E620002L,2
2017/07/04 11:06:25,E630261L,1
2017/07/04 11:27:05,E630261L,1
2017/07/04 11:41:34,E630261L,1
2017/07/04 12:30:07,E601043L,1
2017/07/04 12:30:07,E620029L,1
2017/07/04 12:51:47,E630261L,1
2017/07/04 14:09:59,E620002L,1
2017/07/04 14:40:36,E630227L,2
2017/07/04 14:47:55,E630224L,1
2017/07/04 14:56:24,E620002L,1
2017/07/04 15:17:05,E620002L,1
2017/07/04 17:13:33,E630261L,1
2017/07/04 17:29:09,E620002L,1
2017/07/04 17:32:45,E620002L,1
2017/07/04 17:49:39,E630227L,1
2017/07/04 18:12:20,E630224L,1
2017/07/04 18:15:53,E620002L,1
2017/07/04 18:19:30,E620002L,1
2017/07/04 18:26:36,E620002L,1
2017/07/04 18:32:34,E620002L,1
2017/07/04 18:37:08,E620003L,1
2017/07/04 18:37:08,E620029L,1
2017/07/04 18:37:31,E601043L,1
2017/07/04 18:52:57,E630235L,1
2017/07/04 18:54:13,E620002L,2
2017/07/04 19:01:42,E620002L,1
2017/07/05 00:49:02,E630261L,1
2017/07/05 00:55:48,E630261L,1
2017/07/05 02:43:50,E620002L,1
2017/07/05 02:59:43,E620002L,2
2017/07/05 03:01:44,E620002L,2
2017/07/05 03:05:06,E620002L,1
2017/07/05 03:09:00,E620002L,2
2017/07/05 03:12:35,E620002L,2
2017/07/05 03:40:37,E630261L,1
2017/07/05 04:28:47,E630261L,1
2017/07/05 04:36:43,E630261L,1
2017/07/05 04:54:25,E630261L,1
2017/07/05 05:08:55,E630261L,2
2017/07/05 19:12:13,E630222L,1
2017/07/05 19:14:47,E630224L,1
2017/07/05 19:14:58,E620002L,1
2017/07/05 19:31:42,E620002L,1
2017/07/05 20:03:27,E620002L,1
2017/07/05 20:08:24,E620002L,1
2017/07/06 11:33:52,E620002L,1
2017/07/06 11:36:33,E620002L,2
2017/07/06 12:41:14,E602017L,1
2017/07/06 13:32:23,E620002L,1
2017/07/06 13:40:04,E620002L,1
2017/07/06 14:43:20,E620002L,1
2017/07/06 14:46:23,E620002L,1
2017/07/06 16:50:41,E630224L,1
2017/07/06 16:51:47,E620002L,1
2017/07/06 17:04:45,E601043L,1
2017/07/06 17:05:38,E630224L,2
2017/07/06 17:09:12,E620002L,1
2017/07/06 17:10:30,E630223L,1
2017/07/06 17:26:00,E630237L,2
2017/07/07 01:33:05,E620002L,1
2017/07/07 01:41:24,E620002L,2
2017/07/07 01:56:35,E620002L,1
2017/07/07 01:58:49,E620002L,1
2017/07/07 02:03:38,E620002L,1
2017/07/07 02:10:01,E620002L,1
2017/07/07 02:16:47,E620002L,1
2017/07/07 02:21:58,E620002L,1
2017/07/07 06:48:34,E630261L,1
2017/07/07 08:38:42,E620002L,1
2017/07/07 08:42:06,E620003L,1
2017/07/07 08:42:06,E620029L,1
2017/07/07 08:55:33,E620002L,1
2017/07/07 08:57:55,E620002L,1
2017/07/07 08:59:10,E630222L,1
2017/07/07 09:06:35,E620002L,1
2017/07/07 09:55:38,E630235L,2
2017/07/07 10:05:40,E620002L,1
2017/07/07 10:13:07,E620002L,2
2017/07/07 10:19:45,E620002L,1
2017/07/07 10:48:39,E620002L,2
2017/07/07 11:02:23,E620002L,1
2017/07/07 11:07:36,E620002L,2
2017/07/07 16:07:20,E630235L,1
2017/07/07 16:07:28,E620002L,2
2017/07/07 16:19:14,E620002L,1
2017/07/07 19:10:17,E601043L,1
2017/07/07 19:10:18,E620029L,1
2017/07/07 19:25:58,E620002L,1
2017/07/07 22:22:29,E620003L,2
2017/07/07 22:22:32,E620029L,2
2017/07/07 22:22:36,E601043L,2
2017/07/07 23:09:23,E630224L,2
2017/07/08 04:46:13,E550610L,1
2017/07/08 06:07:50,E630261L,1
2017/07/08 06:14:21,E550610L,1
2017/07/08 07:32:32,E550610L,1
2017/07/08 12:57:36,E620002L,1
2017/07/08 13:42:42,E620002L,1
2017/07/10 08:17:25,E620032L,1
2017/07/10 08:49:55,E620002L,2
2017/07/10 09:01:48,E620002L,1
2017/07/10 11:22:13,E620002L,1
2017/07/10 12:52:52,E620002L,1
2017/07/10 13:41:47,E630264L,1
2017/07/10 14:35:03,E620002L,1
2017/07/11 09:08:33,E620002L,1
2017/07/11 09:17:29,E620002L,1
2017/07/11 09:20:46,E620002L,1
2017/07/11 10:27:38,E630261L,2
2017/07/11 10:55:26,E620002L,1
2017/07/11 10:58:43,E620002L,1
2017/07/11 11:03:30,E620002L,1
2017/07/11 12:40:07,E620002L,1
2017/07/11 12:48:27,E620002L,1
2017/07/11 13:04:53,E620002L,2
2017/07/11 13:08:17,E620002L,1
2017/07/11 14:21:17,E620002L,2
2017/07/11 14:30:59,E620002L,1
2017/07/11 15:03:05,E620002L,1
2017/07/11 16:22:12,E630235L,1
2017/07/11 16:24:40,E620002L,1
2017/07/11 17:16:07,E602017L,1
2017/07/11 17:16:18,E620002L,1
2017/07/11 20:48:53,E630261L,1
2017/07/11 21:11:45,E630261L,1
2017/07/11 21:36:29,E630261L,1
2017/07/11 23:37:02,E630261L,1
2017/07/12 01:02:30,E620003L,1
2017/07/12 01:02:34,E620029L,1
2017/07/12 01:02:38,E601043L,1
2017/07/12 01:03:06,E620002L,1
2017/07/12 01:24:05,E620002L,1
2017/07/12 03:34:32,E602017L,1
2017/07/12 03:35:23,E620002L,1
2017/07/12 04:03:34,E620003L,1
2017/07/12 04:03:37,E620029L,1
2017/07/12 04:03:49,E601043L,1
2017/07/12 07:03:43,E620002L,1
2017/07/12 07:09:59,E620002L,1
2017/07/12 07:50:24,E630236L,1
2017/07/12 08:05:50,E630236L,2
2017/07/12 08:07:28,E630261L,1
2017/07/12 08:09:55,E620002L,1
2017/07/12 08:34:22,E630261L,1
2017/07/12 09:15:49,E620002L,1
2017/07/12 09:21:56,E630264L,1
2017/07/12 09:45:56,E630261L,1
2017/07/12 09:46:59,E630227L,1
2017/07/12 10:07:40,E630261L,1
2017/07/12 10:13:27,E630261L,1
2017/07/12 10:19:37,E630261L,2
2017/07/12 10:25:49,E630236L,1
2017/07/12 11:27:51,E630235L,1
2017/07/12 11:28:41,E620002L,1
2017/07/13 07:48:56,E620002L,2
2017/07/13 07:57:54,E620002L,1
2017/07/13 08:12:55,E620002L,1
2017/07/13 08:44:25,E630264L,1
2017/07/13 08:51:33,E630235L,1
2017/07/13 08:51:50,E620002L,1
2017/07/13 08:55:04,E620002L,1
2017/07/13 10:27:37,E620003L,1
2017/07/13 10:27:38,E620029L,1
2017/07/13 10:27:50,E550903L,1
2017/07/13 10:28:50,E620002L,1
2017/07/13 15:48:35,E620002L,1
2017/07/13 16:09:08,E602017L,1
2017/07/13 16:36:06,E620002L,2
2017/07/13 16:39:39,E620002L,1
2017/07/13 16:43:21,E620002L,1
2017/07/13 17:09:51,E620002L,1
2017/07/13 17:17:36,E630261L,1
2017/07/13 17:47:58,E630261L,1
2017/07/13 21:13:00,E630236L,1
2017/07/13 21:23:31,E630261L,1
2017/07/13 23:24:21,E620002L,1
2017/07/13 23:27:07,E620002L,1
2017/07/13 23:32:56,E620002L,1
2017/07/13 23:35:22,E620002L,1
2017/07/14 01:46:35,E620002L,1
2017/07/14 02:31:56,E620002L,1
2017/07/14 05:01:16,E630261L,1
2017/07/14 05:08:30,E630235L,1
2017/07/14 05:18:58,E630261L,1
2017/07/14 10:42:36,E620002L,1
2017/07/14 12:12:45,E620002L,2
2017/07/14 12:16:11,E620002L,1
2017/07/14 12:23:30,E620002L,1
2017/07/14 13:00:19,E602017L,1
2017/07/14 13:01:15,E620002L,2
2017/07/14 13:03:19,E620002L,1
2017/07/14 13:22:44,E630261L,1
2017/07/14 13:40:13,E630261L,1
2017/07/14 14:01:14,E630261L,1
2017/07/14 15:09:59,E630261L,1
2017/07/14 15:38:07,E630261L,1
2017/07/14 16:49:33,E630261L,1
2017/07/14 17:03:23,E620002L,1
2017/07/14 17:09:50,E620002L,2
2017/07/14 17:14:42,E620002L,1
2017/07/14 17:46:35,E602017L,1
2017/07/14 17:46:59,E620002L,1
2017/07/14 18:59:26,E630235L,1
2017/07/14 19:00:31,E620002L,1
2017/07/14 19:05:38,E630235L,1
2017/07/14 20:20:45,E620003L,1
2017/07/14 20:20:45,E620029L,1
2017/07/14 20:22:00,E601043L,1
2017/07/14 21:35:32,E630261L,1
2017/07/14 22:47:56,E620002L,1
2017/07/15 00:49:07,E630261L,1
2017/07/15 02:36:09,E630261L,1
2017/07/15 02:46:02,E630261L,1
2017/07/15 03:38:36,E630261L,1
2017/07/15 03:51:26,E630261L,1
2017/07/15 03:56:49,E620002L,1
2017/07/15 06:39:51,E630261L,1
2017/07/15 07:45:40,E630261L,1
2017/07/15 07:54:27,E630261L,1
2017/07/15 08:45:47,E630261L,1
2017/07/15 08:46:47,E610026L,3
2017/07/15 08:53:01,E620002L,1
2017/07/15 08:55:24,E620002L,1
2017/07/15 10:13:05,E630267L,1
2017/07/15 10:13:40,E620002L,1
2017/07/15 10:31:39,E630261L,1
2017/07/15 11:04:55,E620002L,1
2017/07/15 11:14:58,E620002L,1
2017/07/15 11:19:56,E620002L,1
2017/07/15 11:44:11,E620002L,1
2017/07/15 11:45:59,E630227L,1
2017/07/15 11:54:59,E630227L,2
2017/07/15 11:55:22,E620002L,1
2017/07/15 12:05:14,E630233L,1
2017/07/15 12:06:13,E620002L,1
2017/07/15 12:10:06,E630237L,1
2017/07/15 12:10:17,E620002L,1
2017/07/15 12:19:25,E630227L,3
2017/07/15 16:48:28,E620002L,2
2017/07/15 18:44:48,E620003L,1
2017/07/15 18:44:49,E620029L,1
2017/07/15 18:44:56,E601043L,1
2017/07/15 19:32:35,E620002L,1
2017/07/15 19:37:15,E620002L,2
2017/07/15 20:49:31,E620003L,1
2017/07/15 20:49:32,E620029L,1
2017/07/15 20:49:38,E601043L,1
2017/07/15 20:49:49,E620002L,1
2017/07/15 23:08:35,E620003L,1
2017/07/15 23:08:39,E620029L,1
2017/07/15 23:08:47,E601043L,1
2017/07/15 23:35:58,E620002L,1
2017/07/15 23:41:44,E620002L,1
2017/07/15 23:46:01,E620002L,1
2017/07/15 23:48:35,E620002L,2
2017/07/16 03:03:34,E620002L,1
2017/07/16 04:21:55,E630234L,1
2017/07/16 04:26:48,E630261L,1
2017/07/16 05:34:29,E620002L,1
2017/07/16 06:28:50,E620002L,1
2017/07/16 06:45:31,E620002L,1
2017/07/17 08:48:27,E620002L,1
2017/07/17 09:00:35,E620002L,1
2017/07/17 09:17:17,E620002L,2
2017/07/17 12:24:54,E630261L,1
2017/07/17 13:00:33,E620002L,1
2017/07/17 13:06:28,E620002L,1
2017/07/17 13:24:29,E620002L,1
2017/07/17 13:27:57,E620002L,2
2017/07/17 13:43:31,E630222L,1
2017/07/17 13:45:43,E630267L,1
2017/07/17 15:43:25,E620002L,1
2017/07/17 15:48:00,E620002L,1
2017/07/17 15:51:45,E620002L,1
2017/07/17 16:04:43,E620002L,1
2017/07/17 16:09:02,E630224L,1
2017/07/17 17:52:24,E620002L,2
2017/07/17 21:16:12,E620002L,1
2017/07/17 21:32:11,E620002L,1
2017/07/17 21:57:50,E620002L,1
2017/07/17 22:19:55,E630261L,1
2017/07/18 02:20:51,E620002L,1
2017/07/18 03:44:34,E630261L,1
2017/07/18 07:26:39,E620002L,1
2017/07/18 07:29:51,E620002L,1
2017/07/18 09:25:13,E620002L,1
2017/07/18 09:34:25,E620002L,1
2017/07/18 09:36:37,E620002L,1
2017/07/18 09:56:06,E620002L,1
2017/07/18 10:05:25,E602017L,1
2017/07/18 11:11:51,E620003L,1
2017/07/18 11:11:54,E620029L,1
2017/07/18 11:15:04,E601043L,1
2017/07/18 11:15:46,E620002L,1
2017/07/18 12:12:03,E620002L,1
2017/07/18 12:16:27,E620002L,2
2017/07/18 12:25:24,E620002L,1
2017/07/18 14:01:54,E630261L,1
2017/07/18 20:11:01,E620002L,1
2017/07/18 20:15:52,E620002L,1
2017/07/18 20:18:46,E620002L,2
2017/07/18 20:45:07,E620002L,1
2017/07/18 20:51:02,E620002L,2
2017/07/18 21:38:04,E620003L,1
2017/07/18 21:38:04,E620029L,1
2017/07/18 21:40:21,E550903L,1
2017/07/18 22:51:36,E602017L,1
2017/07/18 22:51:41,E620002L,2
2017/07/18 22:58:43,E620002L,1
2017/07/18 23:03:04,E620002L,2
2017/07/18 23:09:02,E620002L,1
2017/07/19 00:44:32,E620002L,1
2017/07/19 02:04:52,E620002L,1
2017/07/19 03:01:27,E630261L,1
2017/07/19 03:19:34,E630261L,1
2017/07/19 03:33:11,E630261L,1
2017/07/19 04:33:14,E630261L,1
2017/07/19 06:57:00,E620002L,1
2017/07/19 07:20:52,E630261L,1
2017/07/19 07:23:31,E630235L,1
2017/07/19 07:24:14,E620002L,1
2017/07/19 07:42:26,E630261L,1
2017/07/19 08:06:19,E630261L,1
2017/07/19 08:14:49,E630261L,1
2017/07/19 08:26:03,E630261L,1
2017/07/19 08:42:48,E630261L,1
2017/07/19 08:48:29,E630261L,2
2017/07/19 09:19:24,E620002L,2
