StartTime,ErrCode,Repetition
2017/03/01 07:04:30,E620032L,1
2017/03/01 07:53:23,E620002L,1
2017/03/01 08:30:48,E630224L,1
2017/03/01 09:12:11,E620002L,1
2017/03/01 09:16:44,E620002L,1
2017/03/01 09:22:49,E620002L,1
2017/03/01 09:28:23,E620002L,3
2017/03/01 10:39:32,E620002L,2
2017/03/01 10:51:56,E620002L,1
2017/03/01 11:01:07,E630224L,1
2017/03/01 11:01:41,E620002L,2
2017/03/01 11:12:48,E620002L,1
2017/03/01 11:42:52,E620002L,2
2017/03/01 11:59:13,E630224L,1
2017/03/01 12:04:34,E601043L,1
2017/03/01 12:04:35,E620029L,1
2017/03/01 12:04:56,E620002L,4
2017/03/01 12:09:40,E620002L,1
2017/03/01 14:30:25,E620002L,1
2017/03/01 14:57:27,E601043L,1
2017/03/01 14:57:27,E620029L,1
2017/03/01 15:13:04,E610060L,1
2017/03/01 15:14:19,E620002L,2
2017/03/01 17:07:31,E620002L,1
2017/03/01 17:46:06,E620002L,2
2017/03/01 19:37:43,E630224L,1
2017/03/01 20:06:58,E630261L,1
2017/03/01 20:40:49,E620002L,1
2017/03/02 01:12:40,E620002L,1
2017/03/02 01:17:07,E620002L,2
2017/03/02 07:32:39,E620002L,2
2017/03/02 07:47:00,E620002L,1
2017/03/02 08:06:44,E620002L,1
2017/03/02 08:41:29,E620002L,1
2017/03/02 10:17:13,E620002L,1
2017/03/02 10:20:03,E620002L,1
2017/03/02 10:25:16,E620002L,1
2017/03/02 11:02:46,E620002L,1
2017/03/02 11:23:05,E620003L,1
2017/03/02 11:23:06,E620029L,1
2017/03/02 11:51:24,E620002L,1
2017/03/02 12:24:14,E620002L,1
2017/03/02 12:40:52,E620002L,1
2017/03/02 12:43:09,E620002L,1
2017/03/02 12:46:28,E620002L,1
2017/03/02 12:52:08,E620002L,2
2017/03/02 13:40:06,E620003L,1
2017/03/02 13:40:07,E620029L,1
2017/03/02 13:40:28,E601043L,1
2017/03/02 22:30:53,E620002L,1
2017/03/02 23:12:13,E620002L,1
2017/03/02 23:18:04,E620002L,1
2017/03/02 23:39:19,E620002L,1
2017/03/02 23:42:35,E620002L,1
2017/03/02 23:51:13,E620002L,2
2017/03/03 01:29:28,E620002L,1
2017/03/03 02:12:46,E620002L,3
2017/03/03 02:13:53,E620003L,2
2017/03/03 02:13:54,E620029L,2
2017/03/03 02:15:34,E620002L,1
2017/03/03 02:38:09,E620002L,2
2017/03/03 03:06:22,E620002L,1
2017/03/03 05:23:49,E620002L,1
2017/03/03 05:35:46,E620002L,2
2017/03/03 05:41:11,E620002L,1
2017/03/03 05:44:31,E620002L,1
2017/03/03 05:49:22,E620002L,2
2017/03/03 08:58:30,E602017L,1
2017/03/03 09:04:12,E620002L,1
2017/03/03 09:22:29,E620002L,1
2017/03/03 10:02:03,E620002L,1
2017/03/03 10:11:53,E620002L,1
2017/03/03 10:13:59,E620002L,1
2017/03/03 10:29:27,E620002L,1
2017/03/03 10:46:28,E620002L,1
2017/03/03 11:10:07,E620002L,1
2017/03/03 11:14:13,E620002L,1
2017/03/03 11:17:35,E610024L,1
2017/03/03 11:19:21,E620002L,2
2017/03/03 11:22:08,E620002L,1
2017/03/03 11:54:49,E620002L,1
2017/03/03 11:57:15,E620002L,1
2017/03/03 12:01:59,E620002L,1
2017/03/03 12:04:41,E620002L,1
2017/03/03 12:19:59,E620002L,2
2017/03/03 12:23:45,E620002L,1
2017/03/03 12:36:06,E620002L,1
2017/03/03 12:40:11,E620002L,1
2017/03/03 12:58:56,E620002L,1
2017/03/03 13:01:32,E620002L,1
2017/03/03 13:12:30,E620002L,1
2017/03/03 13:26:52,E620002L,1
2017/03/03 14:02:40,E620002L,2
2017/03/03 14:08:59,E610024L,1
2017/03/03 14:11:11,E620002L,1
2017/03/03 14:14:46,E620002L,2
2017/03/03 14:23:42,E620002L,1
2017/03/03 14:34:40,E630224L,2
2017/03/03 14:40:33,E630224L,1
2017/03/03 15:03:40,E750100L,1
2017/03/03 15:10:54,E620002L,1
2017/03/03 15:20:46,E620003L,1
2017/03/03 15:20:46,E620029L,1
2017/03/03 15:21:17,E601043L,1
2017/03/03 15:40:49,E601043L,1
2017/03/03 15:40:49,E620029L,1
2017/03/03 15:42:17,E602017L,1
2017/03/03 16:13:52,E630224L,1
2017/03/03 17:04:26,E630224L,1
2017/03/03 17:04:42,E620002L,1
2017/03/03 17:13:17,E630224L,1
2017/03/03 17:29:43,E630224L,1
2017/03/03 17:37:23,E630224L,1
2017/03/03 17:58:30,E630224L,2
2017/03/03 18:08:17,E620002L,1
2017/03/03 18:18:10,E620002L,1
2017/03/03 18:39:45,E620002L,2
2017/03/03 18:44:44,E620002L,1
2017/03/03 18:47:08,E620002L,1
2017/03/03 19:10:10,E620002L,2
2017/03/03 19:18:56,E620002L,1
2017/03/03 19:41:24,E620002L,1
2017/03/03 20:50:03,E620002L,2
2017/03/03 23:47:10,E620002L,2
2017/03/04 00:06:55,E620002L,1
2017/03/04 00:16:38,E620002L,1
2017/03/04 01:09:58,E620002L,1
2017/03/04 01:13:20,E620002L,1
2017/03/04 03:16:19,E620002L,5
2017/03/04 03:22:57,E620002L,2
2017/03/04 03:44:57,E620002L,1
2017/03/04 04:10:29,E620002L,1
2017/03/04 04:15:58,E620002L,1
2017/03/04 04:18:30,E620002L,2
2017/03/04 04:23:33,E620002L,1
2017/03/04 05:07:27,E620002L,2
2017/03/04 05:13:50,E620002L,1
2017/03/04 05:21:28,E620003L,1
2017/03/04 05:21:33,E620029L,1
2017/03/04 05:21:35,E601043L,1
2017/03/04 05:56:04,E620003L,1
2017/03/04 05:56:07,E620029L,1
2017/03/04 05:56:09,E601043L,1
2017/03/04 05:57:50,E602017L,1
2017/03/04 07:00:14,E620002L,1
2017/03/04 07:35:02,E620002L,2
2017/03/04 09:16:27,E620002L,1
2017/03/04 12:03:41,E620002L,1
2017/03/04 13:46:53,E620002L,1
2017/03/04 13:49:28,E620002L,2
2017/03/04 14:59:41,E620002L,2
2017/03/04 15:10:24,E630224L,1
2017/03/04 15:16:52,E620002L,1
2017/03/04 15:20:39,E620003L,1
2017/03/04 15:20:39,E620029L,1
2017/03/04 15:26:41,E620002L,1
2017/03/04 15:54:17,E630224L,1
2017/03/04 16:03:47,E620002L,1
2017/03/04 21:19:46,E620002L,2
2017/03/05 01:29:14,E620003L,1
2017/03/05 01:29:14,E620029L,1
2017/03/05 01:29:41,E601043L,1
2017/03/05 02:46:09,E620003L,1
2017/03/05 02:46:10,E620029L,1
2017/03/05 02:46:18,E601043L,1
2017/03/05 02:55:51,E620003L,1
2017/03/05 02:55:52,E620029L,1
2017/03/05 02:56:13,E601043L,1
2017/03/05 07:11:51,E620002L,1
2017/03/05 07:21:16,E620002L,1
2017/03/05 07:25:18,E620002L,1
2017/03/06 07:06:03,E620032L,1
2017/03/06 07:48:52,E620002L,1
2017/03/06 08:08:53,E620002L,1
2017/03/06 08:23:25,E620002L,1
2017/03/06 08:39:18,E620002L,1
2017/03/06 09:31:48,E630224L,1
2017/03/06 09:45:25,E630227L,1
2017/03/06 10:00:53,E620002L,1
2017/03/06 10:02:55,E630222L,1
2017/03/06 10:06:39,E630227L,1
2017/03/06 10:16:16,E630222L,1
2017/03/06 10:28:36,E630227L,1
2017/03/06 10:41:13,E620002L,1
2017/03/06 10:46:45,E620002L,1
2017/03/06 10:59:59,E620002L,1
2017/03/06 11:03:36,E620002L,1
2017/03/06 11:08:39,E620002L,2
2017/03/06 11:10:44,E620002L,1
2017/03/06 11:23:36,E620002L,2
2017/03/06 11:28:43,E620002L,3
2017/03/06 11:32:19,E620002L,2
2017/03/06 11:37:19,E620002L,1
2017/03/06 11:55:34,E620003L,1
2017/03/06 11:55:34,E620029L,1
2017/03/06 11:56:06,E550903L,1
2017/03/06 12:27:51,E620003L,1
2017/03/06 12:27:51,E620029L,1
2017/03/06 12:27:57,E550903L,1
2017/03/06 12:47:58,E620002L,3
2017/03/06 13:28:12,E620003L,1
2017/03/06 13:28:13,E620029L,1
2017/03/06 13:28:18,E550903L,1
2017/03/06 13:44:12,E620002L,1
2017/03/06 13:47:42,E620002L,1
2017/03/06 14:17:19,E620002L,2
2017/03/06 14:27:57,E620002L,2
2017/03/06 14:31:00,E620002L,2
2017/03/06 14:40:40,E630224L,2
2017/03/06 15:15:16,E620002L,1
2017/03/06 15:44:02,E620002L,1
2017/03/06 15:48:27,E630224L,1
2017/03/06 16:07:33,E630227L,1
2017/03/06 18:15:33,E601043L,1
2017/03/06 18:15:33,E620029L,1
2017/03/06 18:27:51,E620002L,1
2017/03/06 18:31:23,E620002L,2
2017/03/06 18:40:39,E620002L,1
2017/03/06 18:42:38,E630224L,1
2017/03/06 18:45:33,E620003L,1
2017/03/06 18:45:33,E620029L,1
2017/03/06 21:04:33,E602017L,1
2017/03/06 21:07:49,E620002L,1
2017/03/06 21:48:40,E630227L,1
2017/03/07 16:00:27,E620002L,1
2017/03/07 16:04:01,E620002L,2
2017/03/07 16:08:36,E620002L,2
2017/03/07 16:21:54,E620002L,1
2017/03/07 21:54:50,E620003L,1
2017/03/07 21:54:50,E620029L,1
2017/03/07 21:55:14,E601043L,1
2017/03/07 21:55:39,E620002L,2
2017/03/07 22:28:15,E620002L,1
2017/03/07 23:25:50,E620003L,1
2017/03/07 23:25:53,E620029L,1
2017/03/07 23:26:05,E601043L,1
2017/03/08 01:42:51,E620002L,2
2017/03/08 01:49:10,E630227L,1
2017/03/08 01:49:21,E851132L,1
2017/03/08 01:49:28,E620002L,1
2017/03/08 01:51:48,E620002L,3
2017/03/08 01:57:51,E620002L,2
2017/03/08 02:15:13,E601043L,1
2017/03/08 02:17:07,E851214L,1
2017/03/08 02:25:46,E601043L,1
2017/03/08 02:25:47,E851214L,1
2017/03/08 02:46:27,E620002L,1
2017/03/08 07:34:39,E620002L,1
2017/03/08 07:38:21,E620002L,2
2017/03/08 07:53:50,E620002L,1
2017/03/08 07:55:40,E530801L,1
2017/03/08 07:59:42,E620002L,1
2017/03/08 08:02:04,E530801L,1
2017/03/08 08:06:33,E630261L,1
2017/03/08 08:15:46,E620002L,1
2017/03/08 08:20:01,E620002L,1
2017/03/08 09:00:32,E620002L,1
2017/03/08 09:25:36,E620002L,1
2017/03/08 09:27:40,E620002L,1
2017/03/08 09:30:36,E620002L,1
2017/03/08 09:40:41,E630227L,1
2017/03/08 10:17:47,E620002L,1
2017/03/08 20:50:52,E620002L,1
2017/03/08 20:58:59,E620002L,1
2017/03/08 21:08:09,E620002L,4
2017/03/08 21:19:20,E630222L,1
2017/03/08 23:37:28,E601043L,1
2017/03/08 23:37:28,E620029L,1
2017/03/09 03:44:15,E630224L,1
2017/03/09 03:44:17,E851079L,1
2017/03/09 07:16:26,E630224L,1
2017/03/09 07:32:09,E630224L,1
2017/03/09 09:08:37,E620003L,1
2017/03/09 09:08:38,E620029L,1
2017/03/09 09:09:35,E550903L,1
2017/03/09 09:30:33,E630234L,1
2017/03/09 09:38:29,E630222L,1
2017/03/09 10:00:20,E620002L,6
2017/03/09 10:16:33,E620002L,3
2017/03/09 10:41:46,E620002L,1
2017/03/09 11:00:41,E620002L,2
2017/03/09 11:04:52,E620002L,1
2017/03/09 11:17:21,E620002L,1
2017/03/09 11:52:28,E620002L,1
2017/03/09 12:28:44,E630224L,1
2017/03/09 12:29:12,E620002L,1
2017/03/09 12:30:53,E630267L,1
2017/03/09 12:31:34,E620002L,1
2017/03/09 12:44:17,E620002L,1
2017/03/09 12:48:18,E620002L,1
2017/03/09 13:17:59,E620002L,1
2017/03/09 13:37:11,E601043L,1
2017/03/09 13:37:11,E620029L,1
2017/03/09 13:55:32,E620002L,1
2017/03/09 14:15:57,E620002L,4
2017/03/09 14:45:06,E620002L,4
2017/03/09 14:48:34,E620002L,1
2017/03/09 14:51:45,E620002L,1
2017/03/09 15:10:46,E620003L,1
2017/03/09 15:10:49,E620029L,1
2017/03/09 15:11:11,E601043L,1
2017/03/09 15:23:59,E620002L,1
2017/03/09 15:36:25,E620002L,1
2017/03/09 16:16:13,E620003L,1
2017/03/09 16:16:14,E620029L,1
2017/03/09 16:16:31,E550903L,1
2017/03/09 16:18:08,E620002L,1
2017/03/09 17:27:26,E620002L,1
2017/03/09 17:34:41,E620002L,1
2017/03/09 19:04:07,E601043L,1
2017/03/09 19:04:07,E620029L,1
2017/03/09 19:12:24,E620002L,1
2017/03/09 20:20:19,E620002L,1
2017/03/09 20:59:22,E620002L,4
2017/03/09 23:22:07,E620002L,1
2017/03/10 10:29:40,E620002L,1
2017/03/10 11:00:00,E620002L,1
2017/03/10 12:30:56,E620002L,1
2017/03/10 12:37:15,E620002L,2
2017/03/10 13:38:46,E620003L,1
2017/03/10 13:38:47,E620029L,1
2017/03/10 13:38:52,E550903L,1
2017/03/10 13:38:57,E620002L,1
2017/03/10 14:08:56,E601043L,1
2017/03/10 14:08:56,E620029L,1
2017/03/10 15:13:54,E620002L,1
2017/03/10 15:51:44,E620002L,2
2017/03/10 16:57:13,E620003L,1
2017/03/10 16:57:14,E620029L,1
2017/03/10 16:57:43,E601043L,1
2017/03/10 16:58:25,E620002L,2
2017/03/10 17:13:51,E620002L,2
2017/03/10 22:13:25,E620002L,1
2017/03/10 22:16:38,E620002L,1
2017/03/10 22:21:40,E620002L,1
2017/03/10 22:37:14,E620002L,1
2017/03/10 22:55:39,E630261L,1
2017/03/11 00:26:12,E620002L,1
2017/03/11 01:14:00,E620002L,1
2017/03/11 01:25:37,E620002L,1
2017/03/11 02:28:18,E630261L,1
2017/03/11 02:35:15,E620002L,1
2017/03/11 02:49:50,E620002L,1
2017/03/11 03:45:25,E620002L,1
2017/03/11 04:11:33,E620002L,2
2017/03/11 04:14:50,E620002L,1
2017/03/11 05:26:27,E620002L,1
2017/03/11 05:28:59,E620002L,1
2017/03/11 05:42:13,E620002L,1
2017/03/11 05:44:16,E620002L,2
2017/03/13 07:15:23,E620032L,4
2017/03/13 12:23:57,E620002L,1
2017/03/13 12:37:27,E620002L,3
2017/03/13 12:40:30,E620002L,5
2017/03/13 15:18:13,E620003L,1
2017/03/13 15:18:17,E620029L,1
2017/03/13 15:18:18,E601043L,1
2017/03/13 18:41:13,E620002L,1
2017/03/13 19:04:06,E620002L,2
2017/03/13 19:21:13,E630227L,2
2017/03/13 19:37:43,E630227L,1
2017/03/14 00:53:58,E620002L,1
2017/03/14 00:56:26,E620002L,1
2017/03/14 01:09:59,E620002L,2
2017/03/14 05:11:48,E630227L,1
2017/03/14 05:11:49,E601043L,1
2017/03/14 05:11:50,E851079L,1
2017/03/14 05:19:14,E630227L,1
2017/03/14 06:02:57,E630224L,1
2017/03/14 16:52:35,E620002L,5
2017/03/14 16:54:42,E620002L,2
2017/03/14 16:55:12,E620029L,1
2017/03/14 16:57:38,E620002L,1
2017/03/14 17:59:34,E630222L,1
2017/03/14 18:13:15,E630227L,1
2017/03/15 05:40:10,E620002L,1
2017/03/15 13:48:21,E620002L,2
2017/03/15 13:51:52,E620002L,1
2017/03/15 14:23:44,E601043L,1
2017/03/15 14:23:46,E851213L,1
2017/03/15 14:35:21,E851213L,1
2017/03/15 14:35:44,E620002L,1
2017/03/15 14:40:09,E620002L,1
2017/03/15 14:43:10,E620002L,1
2017/03/15 14:52:56,E620002L,1
2017/03/15 14:56:12,E610030L,2
2017/03/15 15:03:29,E620002L,1
2017/03/15 15:07:05,E610030L,2
2017/03/15 15:40:35,E620003L,1
2017/03/15 15:40:35,E620029L,1
2017/03/15 15:40:39,E550903L,1
2017/03/15 21:00:36,E620002L,1
2017/03/15 21:31:02,E602017L,1
2017/03/15 21:39:11,E620002L,2
2017/03/15 21:51:47,E630227L,1
2017/03/15 22:06:07,E630227L,1
2017/03/15 22:11:12,E630227L,2
2017/03/15 22:14:27,E620002L,1
2017/03/15 22:26:18,E630227L,1
2017/03/15 22:38:58,E620002L,1
2017/03/15 22:56:10,E620002L,1
2017/03/15 23:23:04,E630227L,1
2017/03/15 23:43:13,E630227L,1
2017/03/15 23:55:10,E620002L,1
2017/03/15 23:57:22,E620002L,1
2017/03/16 00:00:00,E630227L,1
2017/03/16 00:15:04,E620002L,1
2017/03/16 00:20:31,E602017L,1
2017/03/16 00:21:06,E620002L,2
2017/03/16 00:27:59,E620002L,1
2017/03/16 00:32:09,E630261L,1
2017/03/16 03:06:29,E620002L,1
2017/03/16 03:17:02,E620002L,1
2017/03/16 03:33:43,E620002L,1
2017/03/16 03:52:10,E601043L,1
2017/03/16 03:52:10,E620029L,1
2017/03/16 03:52:59,E620002L,1
2017/03/16 08:38:46,E602017L,1
2017/03/16 08:39:19,E620002L,1
2017/03/16 08:43:39,E620002L,1
2017/03/16 08:45:42,E620002L,1
2017/03/16 09:15:11,E630261L,1
2017/03/16 10:07:27,E550610L,1
2017/03/16 10:53:37,E602017L,1
2017/03/16 10:56:49,E620002L,1
2017/03/16 11:00:32,E620002L,1
2017/03/16 11:08:48,E620002L,2
2017/03/16 11:22:02,E630227L,1
2017/03/16 11:23:04,E620002L,1
2017/03/16 12:48:16,E620002L,1
2017/03/16 12:57:31,E620002L,3
2017/03/16 13:04:34,E620002L,2
2017/03/16 14:04:57,E620002L,1
2017/03/16 14:30:30,E620002L,1
2017/03/16 16:03:27,E620002L,1
2017/03/16 16:36:01,E620002L,1
2017/03/16 16:48:20,E620002L,1
2017/03/16 16:51:47,E620002L,1
2017/03/16 16:57:43,E620002L,1
2017/03/16 17:19:42,E620003L,1
2017/03/16 17:19:42,E620029L,1
2017/03/16 17:19:48,E601043L,1
2017/03/16 17:19:55,E620002L,1
2017/03/16 17:23:48,E630224L,1
2017/03/16 21:16:42,E620002L,1
2017/03/16 21:23:33,E620002L,1
2017/03/16 22:23:56,E630261L,1
2017/03/16 22:23:58,E601043L,1
2017/03/16 22:23:59,E851079L,1
2017/03/17 01:09:51,E620002L,1
2017/03/17 01:26:51,E620002L,1
2017/03/17 05:13:50,E620002L,1
2017/03/17 06:23:40,E630222L,2
2017/03/17 06:39:35,E620002L,1
2017/03/17 07:18:41,E620002L,1
2017/03/17 07:53:14,E630261L,1
2017/03/17 12:09:51,E620002L,2
2017/03/17 12:17:25,E620002L,1
2017/03/17 12:34:04,E620002L,1
2017/03/17 12:42:44,E620002L,1
2017/03/17 12:45:24,E620002L,1
2017/03/17 13:21:48,E620002L,1
2017/03/17 13:24:45,E620002L,1
2017/03/17 14:40:58,E630224L,1
2017/03/17 14:40:59,E601043L,1
2017/03/17 14:42:15,E620002L,1
2017/03/17 14:50:53,E620002L,2
2017/03/17 14:53:12,E620002L,1
2017/03/17 14:55:30,E620002L,1
2017/03/17 15:16:21,E630227L,1
2017/03/17 15:16:35,E620002L,2
2017/03/17 15:33:20,E630235L,2
2017/03/17 15:34:14,E620002L,2
2017/03/17 15:58:11,E630227L,1
2017/03/17 17:03:17,E630224L,2
2017/03/17 17:26:32,E630227L,1
2017/03/17 17:36:52,E630235L,1
2017/03/17 18:00:57,E620002L,1
2017/03/17 18:28:21,E620002L,3
2017/03/17 18:31:49,E620002L,1
2017/03/17 19:24:05,E620002L,2
2017/03/17 19:28:42,E620002L,2
2017/03/17 19:41:41,E610030L,2
2017/03/17 19:42:12,E620002L,2
2017/03/17 19:47:20,E610030L,3
2017/03/17 19:51:26,E620002L,1
2017/03/17 20:00:55,E620002L,1
2017/03/17 20:04:07,E610030L,2
2017/03/17 20:17:10,E610030L,3
2017/03/17 20:17:42,E620002L,1
2017/03/17 20:22:13,E620002L,1
2017/03/17 20:26:24,E630224L,1
2017/03/17 20:30:08,E601043L,1
2017/03/17 20:30:08,E620029L,1
2017/03/17 20:32:37,E602017L,1
2017/03/17 20:42:03,E610030L,1
2017/03/17 20:52:22,E620002L,1
2017/03/17 20:55:06,E610030L,2
2017/03/17 21:01:31,E630224L,1
2017/03/17 21:16:10,E630224L,1
2017/03/17 21:23:13,E630224L,1
2017/03/17 21:23:34,E620002L,1
2017/03/18 00:27:17,E630222L,1
2017/03/18 00:27:51,E620002L,1
2017/03/18 02:11:13,E630224L,1
2017/03/18 02:17:57,E620002L,1
2017/03/18 05:04:53,E620002L,3
2017/03/18 05:07:19,E620002L,1
2017/03/18 06:46:54,E620002L,1
2017/03/18 07:14:29,E620002L,1
2017/03/18 07:19:53,E620002L,1
2017/03/18 07:31:17,E630224L,1
2017/03/18 09:30:40,E620002L,2
2017/03/18 09:34:40,E620002L,3
2017/03/18 09:43:50,E620002L,1
2017/03/18 09:47:20,E620002L,4
2017/03/18 10:31:01,E630224L,1
2017/03/18 11:13:52,E620002L,1
2017/03/18 12:38:44,E620002L,1
2017/03/18 13:23:29,E620002L,2
2017/03/18 19:31:04,E600017L,1
2017/03/18 19:31:16,E620002L,3
2017/03/18 19:39:54,E550610L,4
2017/03/18 19:41:25,E620002L,2
2017/03/18 19:44:47,E620002L,1
2017/03/18 19:48:12,E550610L,1
2017/03/18 19:48:20,E620002L,1
2017/03/18 20:05:36,E550610L,3
2017/03/18 20:05:50,E620002L,1
2017/03/18 20:21:53,E630224L,1
2017/03/18 23:11:17,E620002L,1
2017/03/18 23:19:21,E620002L,1
2017/03/20 08:59:37,E620002L,1
2017/03/20 16:47:22,E620002L,1
2017/03/20 16:49:39,E620002L,2
2017/03/20 17:14:51,E600017L,1
2017/03/20 17:43:45,E620003L,1
2017/03/20 17:43:46,E620029L,1
2017/03/20 17:45:12,E550903L,1
2017/03/21 00:35:14,E620002L,1
2017/03/21 00:41:15,E620002L,1
2017/03/21 01:39:12,E620002L,2
2017/03/21 02:41:53,E620002L,1
2017/03/21 05:15:00,E620002L,1
2017/03/21 05:36:31,E610060L,1
2017/03/21 06:01:36,E620003L,1
2017/03/21 06:01:36,E620029L,1
2017/03/21 06:01:58,E550903L,1
2017/03/21 09:14:24,E630224L,1
2017/03/21 09:14:50,E620002L,3
2017/03/21 09:31:11,E620002L,1
2017/03/21 09:33:15,E620002L,1
2017/03/21 11:09:55,E620002L,1
2017/03/21 11:43:11,E620002L,1
2017/03/21 12:07:31,E630227L,1
2017/03/21 13:45:41,E630224L,1
2017/03/21 13:48:35,E620002L,1
2017/03/21 13:50:41,E620002L,1
2017/03/21 15:29:06,E630227L,1
2017/03/21 16:16:27,E630224L,1
2017/03/22 00:03:47,E620002L,1
2017/03/22 01:15:33,E601043L,1
2017/03/22 01:15:33,E620029L,1
2017/03/22 08:34:25,E620002L,3
2017/03/22 08:37:27,E620002L,1
2017/03/22 09:11:39,E620002L,1
2017/03/22 12:01:16,E630224L,1
2017/03/22 12:19:18,E620002L,1
2017/03/22 12:32:03,E620002L,1
2017/03/22 19:10:51,E620003L,1
2017/03/22 19:10:54,E620029L,1
2017/03/22 19:11:15,E601043L,1
2017/03/22 19:43:02,E620002L,1
2017/03/22 22:34:46,E620003L,1
2017/03/22 22:34:47,E620029L,1
2017/03/22 22:35:36,E550903L,1
2017/03/22 22:40:00,E602017L,1
2017/03/23 03:52:26,E630224L,1
2017/03/23 03:53:42,E630227L,1
2017/03/23 03:58:35,E620002L,1
2017/03/23 04:05:10,E630227L,1
2017/03/23 07:30:03,E620002L,1
2017/03/23 07:41:46,E620002L,1
2017/03/23 07:46:12,E620002L,1
2017/03/23 08:01:00,E620002L,2
2017/03/23 08:12:33,E620002L,1
2017/03/23 08:16:31,E620002L,1
2017/03/23 08:21:13,E620002L,1
2017/03/23 08:46:51,E602017L,1
2017/03/23 08:56:06,E620002L,1
2017/03/23 09:02:07,E620002L,1
2017/03/23 09:04:11,E620002L,2
2017/03/23 09:25:56,E630224L,1
2017/03/23 10:32:55,E620002L,1
2017/03/23 10:36:04,E620002L,1
2017/03/23 14:06:11,E620002L,1
2017/03/23 14:11:21,E620002L,4
2017/03/23 19:20:52,E620002L,2
2017/03/23 19:25:57,E620002L,1
2017/03/23 19:43:40,E620002L,2
2017/03/23 20:08:05,E620002L,1
2017/03/23 22:01:05,E620002L,2
2017/03/23 22:38:58,E620002L,1
2017/03/24 00:50:15,E601043L,1
2017/03/24 00:50:16,E620029L,1
2017/03/24 00:57:50,E620002L,1
2017/03/24 01:37:08,E620002L,1
2017/03/24 02:19:56,E620002L,2
2017/03/24 02:24:32,E620002L,1
2017/03/24 02:32:48,E851132L,1
2017/03/24 02:37:29,E561002L,1
2017/03/24 02:38:46,E851132L,1
2017/03/24 02:45:46,E851132L,1
2017/03/24 02:47:04,E620002L,1
2017/03/24 05:09:29,E620002L,3
2017/03/24 06:48:25,E620002L,1
2017/03/24 08:17:37,E620002L,1
2017/03/24 08:33:53,E620002L,2
2017/03/24 08:55:34,E620002L,2
2017/03/24 09:07:47,E620002L,1
2017/03/24 09:44:44,E620003L,1
2017/03/24 09:44:44,E620029L,1
2017/03/24 09:47:02,E550903L,1
2017/03/24 10:30:26,E601043L,1
2017/03/24 10:30:26,E620029L,1
2017/03/24 11:42:45,E620002L,1
2017/03/24 11:49:11,E620002L,1
2017/03/24 17:46:05,E620002L,1
2017/03/24 17:51:29,E620002L,1
2017/03/24 17:54:36,E620002L,1
2017/03/24 20:37:14,E620003L,1
2017/03/24 20:37:18,E620029L,1
2017/03/24 20:37:19,E601043L,1
2017/03/24 20:38:52,E620002L,1
2017/03/25 00:24:18,E620002L,1
2017/03/25 00:25:54,E620003L,1
2017/03/25 00:25:57,E620029L,1
2017/03/25 00:26:18,E601043L,1
2017/03/25 00:26:36,E620002L,1
2017/03/25 02:18:12,E620002L,1
2017/03/25 02:22:09,E620002L,1
2017/03/25 02:28:47,E620002L,2
2017/03/25 02:33:04,E620002L,2
2017/03/25 03:20:28,E620003L,1
2017/03/25 03:20:28,E620029L,1
2017/03/25 03:21:27,E550903L,1
2017/03/25 04:49:47,E602017L,1
2017/03/25 15:19:25,E630261L,1
2017/03/25 16:28:25,E620002L,1
2017/03/25 22:06:34,E630261L,1
2017/03/25 23:35:42,E620002L,1
2017/03/26 00:44:18,E620003L,1
2017/03/26 00:44:19,E620029L,1
2017/03/26 00:44:46,E550903L,1
2017/03/26 00:46:10,E620002L,1
2017/03/27 08:18:13,E620032L,1
2017/03/27 09:00:19,E620002L,1
2017/03/27 10:28:15,E620002L,1
2017/03/27 10:30:42,E620002L,1
2017/03/27 13:37:00,E602017L,1
2017/03/27 13:37:22,E620002L,1
2017/03/27 16:16:59,E620003L,1
2017/03/27 16:16:59,E620029L,1
2017/03/27 16:17:09,E550903L,1
2017/03/27 16:17:31,E620002L,1
2017/03/27 16:24:05,E620002L,1
2017/03/27 16:26:38,E620002L,1
2017/03/27 16:34:06,E620002L,1
2017/03/27 16:55:09,E620002L,3
2017/03/27 17:16:14,E620002L,1
2017/03/27 18:04:05,E602017L,1
2017/03/27 18:04:30,E620002L,2
2017/03/27 18:16:06,E620002L,1
2017/03/27 18:20:34,E602017L,1
2017/03/27 20:08:21,E620003L,1
2017/03/27 20:08:22,E620029L,1
2017/03/27 20:09:06,E601043L,1
2017/03/27 20:19:55,E620003L,1
2017/03/27 20:19:57,E620029L,1
2017/03/27 20:20:03,E601043L,1
2017/03/27 20:24:57,E602017L,1
2017/03/27 20:41:35,E620002L,1
2017/03/27 20:46:41,E620002L,1
2017/03/27 23:18:15,E620002L,1
2017/03/27 23:37:53,E620002L,1
2017/03/28 00:10:02,E620002L,1
2017/03/28 04:44:11,E620002L,1
2017/03/28 04:52:51,E620002L,2
2017/03/28 06:37:52,E620002L,4
2017/03/28 08:08:06,E620003L,1
2017/03/28 08:08:07,E620029L,1
2017/03/28 08:13:26,E601043L,2
2017/03/28 08:13:43,E620002L,1
2017/03/28 08:16:37,E620029L,1
2017/03/28 08:23:28,E620002L,2
2017/03/28 08:35:46,E602017L,1
2017/03/28 08:36:03,E620002L,1
2017/03/28 09:11:47,E620002L,4
2017/03/28 09:28:01,E630227L,1
2017/03/28 09:43:46,E630222L,1
2017/03/28 09:47:23,E630227L,1
2017/03/28 10:43:05,E630222L,1
2017/03/28 14:58:47,E620002L,1
2017/03/28 16:39:32,E630235L,1
2017/03/28 19:53:02,E630235L,1
2017/03/28 21:15:11,E630227L,1
2017/03/28 23:00:44,E630227L,1
2017/03/28 23:05:24,E630237L,1
2017/03/29 02:33:34,E630235L,1
2017/03/29 03:39:07,E630261L,1
2017/03/29 03:45:01,E620002L,1
2017/03/29 03:47:56,E620002L,1
2017/03/29 03:57:12,E620002L,1
2017/03/29 04:07:26,E620002L,4
2017/03/29 04:12:36,E620002L,1
2017/03/29 04:45:02,E620002L,1
2017/03/29 04:52:56,E620002L,2
2017/03/29 04:57:41,E620002L,2
2017/03/29 05:00:28,E630235L,1
2017/03/29 05:00:45,E602017L,1
2017/03/29 08:45:03,E620002L,1
2017/03/29 08:48:42,E620002L,1
2017/03/29 08:56:14,E620002L,1
2017/03/29 12:00:14,E620002L,1
2017/03/29 12:14:43,E620002L,3
2017/03/29 12:19:15,E620002L,2
2017/03/29 16:41:54,E620002L,1
2017/03/29 16:53:39,E630224L,1
2017/03/29 17:21:50,E620002L,3
2017/03/29 17:25:04,E620002L,1
2017/03/29 17:38:16,E620002L,1
2017/03/29 17:43:32,E620002L,2
2017/03/29 18:01:52,E630224L,1
2017/03/29 18:10:30,E630224L,1
2017/03/29 18:35:25,E630224L,1
2017/03/29 18:48:51,E630224L,1
2017/03/29 19:08:12,E630224L,1
2017/03/29 19:33:19,E620002L,1
2017/03/29 19:37:55,E620002L,2
2017/03/29 19:56:43,E630224L,2
2017/03/29 20:03:06,E630227L,1
2017/03/29 20:12:11,E630227L,1
2017/03/29 20:22:23,E630224L,1
2017/03/29 20:45:50,E630224L,1
2017/03/29 21:20:45,E620002L,1
2017/03/29 21:23:49,E620002L,1
2017/03/29 21:28:35,E620002L,1
2017/03/29 21:31:40,E620002L,2
2017/03/29 22:23:13,E620002L,1
2017/03/29 22:25:52,E620002L,1
2017/03/29 23:17:37,E602017L,1
2017/03/29 23:21:25,E620002L,1
2017/03/29 23:36:30,E630221L,1
2017/03/30 04:39:38,E620002L,1
2017/03/30 04:46:02,E620002L,1
2017/03/30 05:19:13,E601043L,1
2017/03/30 05:19:13,E620029L,1
2017/03/30 05:21:00,E620002L,1
2017/03/30 05:22:39,E630235L,1
2017/03/30 06:06:55,E620002L,1
2017/03/30 06:44:37,E620002L,3
2017/03/30 06:54:04,E630227L,1
2017/03/30 07:01:16,E620002L,2
2017/03/30 07:06:28,E620002L,2
2017/03/30 07:09:52,E620002L,1
2017/03/30 08:29:48,E620002L,1
2017/03/30 09:22:45,E620002L,2
2017/03/30 09:30:01,E620002L,1
2017/03/30 09:33:00,E620002L,1
2017/03/30 09:39:11,E620002L,1
2017/03/30 09:41:45,E620002L,1
2017/03/30 10:06:25,E620002L,2
2017/03/30 10:54:43,E620002L,1
2017/03/30 11:02:35,E630227L,1
2017/03/30 11:54:49,E620002L,1
2017/03/30 12:04:02,E620002L,3
2017/03/30 12:07:09,E620002L,1
2017/03/30 12:09:37,E620002L,4
2017/03/30 12:19:38,E620002L,5
2017/03/30 12:22:24,E620002L,5
2017/03/30 13:14:47,E620002L,1
2017/03/30 13:30:00,E620003L,1
2017/03/30 13:30:00,E620029L,1
2017/03/30 13:30:11,E550903L,1
2017/03/30 13:30:17,E620002L,2
2017/03/30 13:45:20,E620002L,1
2017/03/30 14:05:02,E620002L,1
2017/03/30 14:12:52,E620002L,3
2017/03/30 14:37:02,E620002L,1
2017/03/31 02:58:03,E620002L,2
2017/03/31 10:25:02,E620002L,1
2017/03/31 10:31:41,E620002L,2
2017/03/31 11:27:14,E620003L,1
2017/03/31 11:27:14,E620029L,1
2017/03/31 11:28:08,E550903L,1
2017/03/31 11:36:27,E620003L,1
2017/03/31 11:36:28,E620029L,1
2017/03/31 11:36:41,E601043L,1
2017/03/31 11:39:15,E620002L,2
2017/03/31 12:56:43,E620003L,1
2017/03/31 12:56:46,E620029L,1
2017/03/31 12:58:08,E601043L,1
2017/03/31 13:20:06,E620002L,1
2017/03/31 13:47:32,E620002L,1
2017/03/31 13:55:22,E620002L,1
2017/03/31 14:39:36,E600017L,1
2017/03/31 15:32:50,E600017L,1
2017/03/31 16:13:58,E600017L,2
2017/03/31 16:29:38,E600017L,1
2017/03/31 16:37:41,E620002L,2
2017/03/31 17:18:38,E630227L,1
2017/03/31 17:39:24,E620002L,1
2017/03/31 20:53:46,E620002L,1
2017/03/31 21:09:53,E620002L,1
2017/04/01 05:00:04,E630227L,1
2017/04/01 07:08:26,E620002L,1
2017/04/01 07:27:49,E620002L,1
2017/04/02 03:04:11,E620002L,1
2017/04/02 03:10:44,E620002L,2
2017/04/02 03:17:14,E620002L,1
2017/04/05 08:52:25,E620002L,2
2017/04/05 09:29:14,E620002L,4
2017/04/05 09:32:10,E620002L,1
2017/04/05 09:36:57,E620002L,2
2017/04/05 09:39:05,E620002L,2
2017/04/05 09:49:42,E620002L,2
2017/04/05 10:14:38,E620002L,5
2017/04/05 10:57:21,E620002L,2
2017/04/05 14:03:53,E620002L,1
2017/04/05 14:15:13,E620002L,1
2017/04/05 15:43:29,E620002L,1
2017/04/05 17:30:35,E602017L,1
2017/04/05 17:35:19,E620003L,1
2017/04/05 17:35:20,E620029L,1
2017/04/05 17:35:50,E550903L,1
2017/04/05 17:40:46,E620002L,2
2017/04/05 18:10:39,E620002L,1
2017/04/05 20:02:16,E620002L,1
2017/04/05 20:53:04,E620002L,1
2017/04/05 20:55:57,E620002L,1
2017/04/05 21:15:10,E620002L,2
2017/04/05 21:39:56,E620002L,1
2017/04/06 03:46:04,E620002L,1
2017/04/06 04:04:43,E630227L,1
2017/04/06 04:04:44,E601043L,1
2017/04/06 04:04:47,E851079L,1
2017/04/06 04:55:48,E620003L,1
2017/04/06 04:55:49,E620029L,1
2017/04/06 04:56:08,E550903L,1
2017/04/06 08:20:04,E620002L,1
2017/04/06 08:38:14,E620002L,1
2017/04/06 14:23:00,E620002L,1
2017/04/06 15:58:37,E620002L,1
2017/04/06 16:14:25,E620002L,5
2017/04/06 16:16:28,E620002L,1
2017/04/06 22:41:50,E620002L,2
2017/04/06 23:01:41,E630224L,1
2017/04/06 23:34:48,E620002L,2
2017/04/06 23:38:17,E620002L,1
2017/04/07 00:45:23,E620002L,1
2017/04/07 00:54:56,E620002L,2
2017/04/07 00:56:06,E620003L,1
2017/04/07 00:56:06,E620029L,1
2017/04/07 00:58:28,E620002L,3
2017/04/07 04:01:44,E620002L,1
2017/04/07 04:09:10,E620002L,1
2017/04/07 04:36:13,E620002L,2
2017/04/07 05:05:06,E620002L,1
2017/04/07 05:09:43,E620002L,1
2017/04/07 06:18:23,E620002L,1
2017/04/07 06:21:22,E620002L,1
2017/04/07 09:29:25,E620002L,1
2017/04/07 09:32:52,E620002L,1
2017/04/07 09:35:10,E620002L,1
2017/04/07 09:37:45,E620002L,2
2017/04/07 09:48:11,E620002L,1
2017/04/07 15:07:26,E620002L,1
2017/04/07 15:12:39,E620002L,2
2017/04/10 07:58:43,E620032L,1
2017/04/10 08:40:39,E620002L,1
2017/04/10 08:43:03,E620002L,1
2017/04/10 15:50:35,E620002L,2
2017/04/10 21:20:07,E602017L,1
2017/04/10 21:20:17,E620002L,1
2017/04/10 22:02:53,E620002L,1
2017/04/10 23:52:28,E620002L,1
2017/04/10 23:58:11,E620002L,1
2017/04/11 00:01:57,E620002L,1
2017/04/11 00:06:51,E620002L,1
2017/04/11 01:39:01,E620002L,2
2017/04/11 01:46:09,E620002L,1
2017/04/11 03:12:27,E620002L,2
2017/04/11 03:25:31,E620002L,1
2017/04/11 04:24:15,E620003L,1
2017/04/11 04:24:15,E620029L,1
2017/04/11 04:25:32,E550903L,1
2017/04/11 09:22:52,E620002L,1
2017/04/11 09:27:00,E620002L,1
2017/04/11 13:11:48,E620002L,1
2017/04/11 13:38:46,E620003L,1
2017/04/11 13:38:47,E620029L,1
2017/04/11 15:10:14,E630224L,1
2017/04/11 16:35:28,E620002L,1
2017/04/11 16:46:15,E630235L,1
2017/04/11 19:07:39,E620002L,1
2017/04/11 20:11:00,E630227L,1
2017/04/11 20:30:40,E630224L,1
2017/04/12 07:32:26,E620002L,1
2017/04/12 07:56:03,E630235L,1
2017/04/12 08:47:50,E630235L,1
2017/04/12 10:10:33,E620002L,1
2017/04/12 10:21:58,E620002L,2
2017/04/12 16:33:21,E630224L,1
2017/04/12 17:00:01,E620002L,1
2017/04/12 17:22:15,E620003L,1
2017/04/12 17:22:15,E620029L,1
2017/04/12 17:22:21,E601043L,1
2017/04/12 17:25:17,E620002L,1
2017/04/12 17:32:03,E620002L,1
2017/04/12 18:25:14,E630224L,1
2017/04/12 18:25:32,E620002L,3
2017/04/12 18:32:40,E620002L,1
2017/04/12 19:44:15,E620002L,1
2017/04/12 19:52:42,E620002L,2
2017/04/12 19:55:29,E620002L,1
2017/04/12 19:58:03,E620002L,2
2017/04/12 21:59:12,E630227L,1
2017/04/12 22:30:41,E602017L,1
2017/04/12 22:32:22,E601043L,1
2017/04/12 22:32:22,E620029L,1
2017/04/12 22:56:05,E620002L,1
2017/04/12 23:10:31,E630227L,1
2017/04/12 23:10:45,E620002L,1
2017/04/13 07:00:38,E602017L,1
2017/04/13 11:12:36,E602017L,2
2017/04/13 11:15:34,E620002L,1
2017/04/13 11:16:13,E620003L,1
2017/04/13 11:16:14,E620029L,1
2017/04/14 01:15:48,E620002L,1
2017/04/14 01:31:47,E620002L,1
2017/04/14 01:34:58,E620002L,1
2017/04/14 02:58:25,E630261L,1
2017/04/14 02:59:18,E630227L,1
2017/04/14 08:45:36,E620003L,1
2017/04/14 08:47:25,E601043L,1
2017/04/14 08:47:42,E620002L,2
2017/04/14 10:35:44,E620002L,1
2017/04/14 10:42:19,E620002L,1
2017/04/15 01:31:26,E620007L,1
2017/04/15 01:31:48,E601044L,1
2017/04/15 01:32:32,E600020L,1
2017/04/15 01:32:50,E600040L,2
2017/04/15 01:32:52,E620002L,1
2017/04/15 01:38:26,E620002L,1
2017/04/15 01:42:59,E620002L,1
2017/04/15 01:45:29,E620002L,1
2017/04/15 03:43:21,E630222L,1
2017/04/15 03:50:33,E620002L,2
2017/04/15 04:12:24,E620002L,1
2017/04/15 04:23:07,E620002L,2
2017/04/15 04:40:07,E620002L,1
2017/04/15 06:18:52,E630222L,1
2017/04/15 08:45:24,E620002L,1
2017/04/15 08:59:14,E620002L,1
2017/04/15 09:03:46,E620002L,1
2017/04/15 09:37:28,E620002L,2
2017/04/15 09:52:54,E620002L,2
2017/04/15 10:01:48,E620002L,1
2017/04/15 11:13:35,E620002L,1
2017/04/15 12:19:56,E620003L,1
2017/04/15 12:19:57,E620029L,1
2017/04/15 12:21:53,E601043L,1
2017/04/15 12:28:39,E620002L,1
2017/04/15 14:00:37,E620002L,1
2017/04/17 08:14:37,E620032L,1
2017/04/17 09:28:03,E630227L,1
2017/04/17 09:37:55,E630235L,1
2017/04/17 09:39:11,E630227L,1
2017/04/17 10:11:27,E620002L,2
2017/04/17 10:36:37,E620002L,2
2017/04/17 10:40:21,E620002L,1
2017/04/17 10:56:17,E620002L,1
2017/04/17 12:25:40,E620002L,2
2017/04/17 12:29:58,E620002L,1
2017/04/17 12:34:12,E620002L,1
2017/04/17 12:37:32,E620002L,3
2017/04/17 13:13:33,E620002L,1
2017/04/17 13:59:50,E630227L,1
2017/04/17 14:33:47,E620002L,2
2017/04/17 21:15:53,E620002L,1
2017/04/17 21:35:18,E620002L,2
2017/04/17 21:47:52,E620002L,1
2017/04/18 04:21:33,E620002L,1
2017/04/18 05:30:32,E630224L,1
2017/04/18 06:28:37,E620002L,1
2017/04/18 06:37:13,E620002L,1
2017/04/18 06:54:48,E620002L,1
2017/04/18 07:27:27,E620002L,1
2017/04/18 07:40:20,E620002L,1
2017/04/18 08:15:26,E620002L,1
2017/04/18 11:37:38,E620002L,1
2017/04/18 11:45:53,E620002L,1
2017/04/18 15:43:26,E620002L,1
2017/04/18 15:58:11,E620002L,1
2017/04/18 16:05:43,E620002L,1
2017/04/18 17:02:33,E630227L,1
2017/04/18 17:29:20,E620003L,1
2017/04/18 17:29:21,E620029L,1
2017/04/18 17:29:52,E550903L,1
2017/04/18 17:41:11,E630227L,1
2017/04/18 19:47:00,E620002L,1
2017/04/18 20:14:01,E630224L,1
2017/04/18 20:14:02,E851079L,1
2017/04/19 00:09:59,E620002L,1
2017/04/19 00:22:26,E620002L,2
2017/04/19 01:40:14,E601043L,1
2017/04/19 03:51:44,E601043L,1
2017/04/19 03:51:44,E620029L,1
2017/04/19 03:55:36,E620002L,1
2017/04/19 04:03:11,E620002L,2
2017/04/19 06:22:27,E620002L,1
2017/04/19 07:27:19,E620003L,1
2017/04/19 07:27:19,E620029L,1
2017/04/19 07:27:23,E601043L,1
2017/04/19 07:27:29,E620002L,3
2017/04/19 07:46:32,E620002L,1
2017/04/19 07:50:26,E620002L,1
2017/04/19 07:55:22,E630224L,1
2017/04/19 08:01:00,E620002L,1
2017/04/19 08:37:05,E630235L,1
2017/04/19 08:37:24,E620002L,2
2017/04/19 09:20:53,E630235L,1
2017/04/19 09:21:11,E620002L,1
2017/04/19 09:23:08,E630224L,1
2017/04/19 11:17:08,E630224L,1
2017/04/20 02:06:23,E620002L,2
2017/04/20 02:09:19,E620002L,1
2017/04/20 09:04:08,E620002L,1
2017/04/20 09:08:40,E620002L,1
2017/04/20 09:14:29,E620002L,1
2017/04/20 10:40:23,E620002L,1
2017/04/20 10:51:49,E620002L,1
2017/04/20 11:20:23,E610038L,1
2017/04/20 12:27:31,E620002L,2
2017/04/20 12:38:43,E620002L,1
2017/04/20 12:54:37,E620002L,2
2017/04/20 12:56:48,E620002L,1
2017/04/20 14:55:09,E601043L,1
2017/04/20 14:55:09,E620029L,1
2017/04/20 15:28:40,E630227L,1
2017/04/20 15:34:50,E620003L,1
2017/04/20 15:34:51,E620029L,1
2017/04/20 16:08:06,E630227L,1
2017/04/20 16:08:59,E620002L,2
2017/04/20 16:12:22,E620003L,1
2017/04/20 16:12:23,E620029L,1
2017/04/20 16:13:42,E550903L,1
2017/04/20 16:28:54,E620002L,1
2017/04/20 16:42:01,E620002L,1
2017/04/20 17:05:56,E620002L,1
2017/04/20 18:21:32,E620002L,1
2017/04/20 18:35:43,E620003L,1
2017/04/20 18:35:43,E620029L,1
2017/04/20 18:50:49,E620002L,1
2017/04/20 19:06:32,E602017L,1
2017/04/20 19:06:41,E620002L,1
2017/04/20 19:10:09,E620002L,1
2017/04/20 21:47:59,E620002L,1
2017/04/20 22:20:47,E620002L,3
2017/04/21 00:22:19,E620003L,1
2017/04/21 00:22:19,E620029L,1
2017/04/21 00:25:20,E601043L,1
2017/04/21 00:25:29,E620002L,2
2017/04/21 01:08:01,E620002L,1
2017/04/21 01:13:56,E620002L,2
2017/04/21 01:17:50,E620002L,2
2017/04/21 04:50:05,E620002L,1
2017/04/21 06:29:02,E620002L,1
2017/04/21 07:13:37,E620002L,1
2017/04/21 11:06:55,E620002L,1
2017/04/21 11:21:07,E620002L,2
2017/04/21 12:02:24,E602017L,1
2017/04/21 12:25:14,E630227L,1
2017/04/21 13:04:15,E630227L,1
2017/04/21 13:38:37,E602017L,1
2017/04/21 16:41:48,E620002L,1
2017/04/21 16:54:46,E620002L,2
2017/04/21 17:18:51,E620002L,1
2017/04/21 17:28:14,E620002L,3
2017/04/21 22:55:56,E620002L,1
2017/04/21 23:01:38,E620002L,1
2017/04/21 23:08:34,E630223L,1
2017/04/21 23:19:15,E630227L,1
2017/04/21 23:39:53,E620003L,1
2017/04/21 23:39:56,E620029L,1
2017/04/21 23:40:00,E601043L,1
2017/04/21 23:40:05,E620002L,1
2017/04/22 00:30:38,E620003L,1
2017/04/22 00:30:39,E620029L,1
2017/04/22 00:31:29,E550903L,1
2017/04/22 04:25:57,E620003L,1
2017/04/22 04:25:58,E620029L,1
2017/04/22 04:26:09,E601043L,1
2017/04/22 07:08:06,E620002L,2
2017/04/22 07:14:19,E620002L,1
2017/04/22 22:06:41,E620002L,1
2017/04/22 22:13:24,E620002L,3
2017/04/22 22:51:41,E620002L,1
2017/04/22 23:04:43,E620002L,2
2017/04/22 23:56:00,E630235L,1
2017/04/23 00:28:55,E630235L,1
2017/04/23 00:29:36,E620002L,1
2017/04/23 00:32:31,E630227L,3
2017/04/23 00:37:30,E620002L,1
2017/04/23 03:06:11,E620002L,1
2017/04/23 04:19:56,E620002L,1
2017/04/23 05:18:24,E600017L,1
2017/04/23 05:19:14,E620002L,1
2017/04/24 08:55:11,E620002L,1
2017/04/24 13:05:36,E620002L,2
2017/04/24 13:25:23,E620002L,1
2017/04/24 13:27:24,E620002L,3
2017/04/24 13:52:58,E620002L,2
2017/04/24 14:08:51,E620002L,2
2017/04/24 14:10:58,E620002L,2
2017/04/24 14:14:11,E620002L,2
2017/04/24 14:54:56,E620002L,2
2017/04/24 15:20:25,E620002L,1
2017/04/24 15:29:46,E620002L,1
2017/04/24 15:32:26,E620002L,2
2017/04/24 15:34:53,E620002L,4
2017/04/24 15:43:30,E620002L,2
2017/04/24 15:47:13,E620002L,1
2017/04/24 16:07:39,E530024L,2
2017/04/24 16:13:42,E530024L,1
2017/04/24 16:14:08,E620002L,2
2017/04/24 16:18:26,E620002L,1
2017/04/24 16:22:51,E630224L,1
2017/04/24 16:31:03,E601043L,1
2017/04/24 16:31:04,E620029L,1
2017/04/24 16:50:25,E630224L,1
2017/04/24 16:50:39,E620002L,1
2017/04/24 16:54:43,E620002L,1
2017/04/24 17:11:37,E630224L,1
2017/04/24 18:21:27,E620002L,1
2017/04/24 19:22:17,E630222L,1
2017/04/25 01:45:16,E620002L,1
2017/04/25 01:47:19,E620002L,2
2017/04/25 01:59:41,E620002L,2
2017/04/25 02:01:51,E620002L,2
2017/04/25 02:08:36,E620002L,1
2017/04/25 02:46:50,E600017L,1
2017/04/25 02:47:48,E620002L,2
2017/04/25 02:50:02,E620002L,1
2017/04/25 03:01:53,E630224L,1
2017/04/25 05:31:49,E620002L,1
2017/04/25 05:43:18,E620002L,1
2017/04/25 05:47:10,E630227L,1
2017/04/25 05:48:07,E630224L,1
2017/04/25 06:01:20,E630261L,1
2017/04/25 06:45:45,E630261L,1
2017/04/25 07:27:50,E630261L,1
2017/04/25 08:53:07,E620003L,1
2017/04/25 08:53:08,E620029L,1
2017/04/25 08:53:15,E630264L,1
2017/04/25 08:54:16,E620002L,1
2017/04/25 08:56:41,E620002L,1
2017/04/25 10:58:48,E620002L,1
2017/04/25 12:11:16,E630224L,1
2017/04/25 12:19:27,E630224L,1
2017/04/25 12:21:29,E630227L,1
2017/04/25 13:45:02,E620002L,1
2017/04/25 13:48:01,E620002L,1
2017/04/25 17:48:29,E630221L,1
2017/04/25 17:56:24,E620002L,1
2017/04/25 18:47:19,E630234L,1
2017/04/25 19:02:10,E620002L,1
2017/04/25 23:55:53,E620002L,3
2017/04/25 23:59:47,E620002L,1
2017/04/26 02:40:04,E620003L,1
2017/04/26 02:40:04,E620029L,1
2017/04/26 02:40:39,E550903L,1
2017/04/26 03:40:16,E620002L,1
2017/04/26 04:56:42,E620002L,1
2017/04/26 05:00:41,E620002L,2
2017/04/26 05:06:08,E620002L,1
2017/04/26 05:11:14,E620002L,2
2017/04/26 05:13:25,E620002L,3
2017/04/26 05:22:43,E620002L,2
2017/04/26 09:40:38,E620002L,2
2017/04/26 10:06:51,E620002L,2
2017/04/26 10:24:39,E620002L,1
2017/04/26 10:49:13,E620002L,1
2017/04/26 10:59:07,E620002L,1
2017/04/26 11:03:15,E620002L,3
2017/04/26 14:26:49,E630227L,1
2017/04/26 14:27:46,E630221L,2
2017/04/26 14:28:56,E620002L,4
2017/04/26 15:08:06,E620002L,2
2017/04/26 15:27:58,E630221L,3
2017/04/26 15:31:49,E620002L,4
2017/04/26 17:34:39,E630227L,1
2017/04/26 18:44:42,E620002L,1
2017/04/26 19:08:46,E620002L,1
2017/04/26 20:56:35,E630224L,1
2017/04/26 22:31:40,E630224L,1
2017/04/26 23:40:45,E620002L,1
2017/04/27 03:19:54,E620002L,2
2017/04/27 03:23:00,E620002L,2
2017/04/27 03:44:15,E620002L,1
2017/04/27 03:52:50,E620002L,1
2017/04/27 03:58:45,E602017L,2
2017/04/27 03:59:13,E620002L,1
2017/04/27 04:01:17,E620002L,1
2017/04/27 04:05:54,E620002L,1
2017/04/27 11:58:30,E620002L,1
2017/04/27 12:17:22,E620002L,2
2017/04/27 12:46:04,E630224L,2
2017/04/27 12:53:29,E630227L,1
2017/04/27 13:32:29,E620002L,1
2017/04/27 13:35:05,E620002L,1
2017/04/27 13:59:12,E630222L,1
2017/04/27 15:15:33,E620002L,2
2017/04/27 15:45:59,E630227L,2
2017/04/27 18:09:20,E620002L,1
2017/04/27 18:11:30,E620002L,2
2017/04/27 18:58:02,E630224L,1
2017/04/27 19:10:19,E630224L,1
2017/04/27 19:20:11,E630224L,1
2017/04/27 19:47:31,E620002L,1
2017/04/27 20:39:31,E620003L,1
2017/04/27 20:39:31,E620029L,1
2017/04/27 20:39:56,E550903L,1
2017/04/27 23:29:56,E620002L,1
2017/04/27 23:39:24,E620002L,3
2017/04/27 23:42:29,E620002L,1
2017/04/28 01:52:56,E620002L,1
2017/04/28 01:55:48,E620002L,1
2017/04/28 02:12:04,E620002L,3
2017/04/28 02:16:48,E620002L,1
2017/04/28 02:19:18,E620002L,1
2017/04/28 02:27:36,E602017L,1
2017/04/28 02:31:14,E620002L,2
2017/04/28 08:02:45,E620002L,2
2017/04/28 08:40:30,E620002L,1
2017/04/28 11:09:18,E620002L,2
2017/04/28 11:16:39,E620002L,1
2017/04/28 12:28:16,E620002L,1
2017/04/28 12:32:06,E620002L,4
2017/04/28 12:35:21,E620002L,1
2017/04/28 13:20:09,E620002L,1
2017/04/28 13:22:14,E620002L,2
2017/04/28 13:30:46,E620002L,1
2017/04/28 16:04:25,E620003L,1
2017/04/28 16:04:25,E620029L,1
2017/04/28 16:04:48,E601043L,1
2017/04/28 17:22:27,E630224L,1
2017/04/28 17:50:04,E630224L,1
2017/04/28 17:53:34,E620002L,1
2017/04/28 18:09:27,E620002L,2
2017/04/28 20:26:01,E550610L,1
2017/04/28 20:27:39,E620002L,2
2017/04/28 20:33:25,E630221L,1
2017/04/28 20:33:54,E620002L,2
2017/04/28 22:24:01,E620002L,1
2017/04/29 00:46:38,E550610L,1
2017/04/29 00:48:37,E620002L,4
2017/04/29 02:16:11,E630224L,1
2017/04/29 02:48:51,E630224L,1
2017/04/29 03:05:23,E630224L,1
2017/04/29 03:41:27,E550610L,1
2017/04/29 03:42:29,E620002L,1
2017/04/29 04:22:41,E630222L,1
2017/04/29 04:28:34,E630224L,1
2017/04/29 04:29:41,E620002L,2
2017/04/29 04:40:25,E620002L,3
2017/04/29 04:48:26,E620002L,1
2017/04/29 04:50:30,E630224L,1
2017/04/29 06:11:00,E620002L,1
2017/04/29 06:18:41,E620002L,2
2017/04/29 06:30:33,E620002L,1
2017/04/29 07:51:51,E620002L,1
2017/05/02 08:48:10,E620002L,1
2017/05/02 09:56:33,E620002L,1
2017/05/02 10:13:40,E620002L,1
2017/05/02 10:20:45,E620002L,1
2017/05/02 10:26:58,E620002L,1
2017/05/02 10:34:50,E620002L,2
2017/05/02 12:06:11,E620002L,4
2017/05/02 12:48:55,E620002L,2
2017/05/02 12:54:17,E620002L,1
2017/05/02 12:58:40,E620002L,2
2017/05/02 13:46:38,E620002L,1
2017/05/02 13:57:30,E620002L,5
2017/05/02 13:59:33,E620002L,3
2017/05/02 14:02:39,E620002L,1
2017/05/02 15:11:51,E620002L,2
2017/05/02 15:20:12,E620002L,1
2017/05/02 15:29:24,E620003L,1
2017/05/02 15:29:24,E620029L,1
2017/05/02 15:31:48,E620002L,1
2017/05/02 15:38:40,E620002L,3
2017/05/02 15:40:45,E620002L,1
2017/05/02 16:31:39,E630261L,1
2017/05/02 17:33:52,E620002L,1
2017/05/02 18:06:44,E620002L,1
2017/05/02 18:16:06,E620002L,1
2017/05/02 18:35:32,E620002L,1
2017/05/02 19:22:29,E630227L,1
2017/05/02 19:33:33,E620002L,1
2017/05/02 20:14:59,E630227L,1
2017/05/03 04:38:21,E620003L,1
2017/05/03 04:38:22,E620029L,1
2017/05/03 04:39:06,E601043L,1
2017/05/03 04:40:07,E620002L,1
2017/05/03 04:53:59,E620002L,1
2017/05/03 05:07:15,E620002L,1
2017/05/03 05:07:18,E620003L,1
2017/05/03 05:07:18,E620029L,1
2017/05/03 05:23:16,E620002L,1
2017/05/03 10:40:52,E610030L,1
2017/05/03 10:42:26,E620002L,2
2017/05/03 14:13:22,E610030L,1
2017/05/03 14:13:48,E620002L,1
2017/05/03 14:42:29,E610030L,1
2017/05/03 14:54:54,E610030L,1
2017/05/03 15:09:56,E620002L,1
2017/05/03 15:39:29,E630275L,1
2017/05/03 18:47:50,E600017L,1
2017/05/03 18:48:06,E620002L,1
2017/05/03 23:46:09,E620002L,1
2017/05/03 23:52:54,E620002L,1
2017/05/03 23:56:20,E620002L,1
2017/05/03 23:59:14,E620002L,1
2017/05/04 00:01:43,E620002L,1
2017/05/04 00:04:23,E620002L,2
2017/05/04 00:21:09,E620002L,2
2017/05/04 00:34:10,E630224L,1
2017/05/04 00:34:11,E601043L,1
2017/05/04 00:34:12,E851079L,1
2017/05/04 00:59:38,E620002L,2
2017/05/04 01:01:57,E620002L,1
2017/05/04 01:06:40,E620002L,1
2017/05/04 01:47:58,E620003L,1
2017/05/04 01:48:01,E620029L,1
2017/05/04 01:48:09,E601043L,1
2017/05/04 01:48:52,E620002L,1
2017/05/04 02:20:51,E630224L,1
2017/05/04 03:27:39,E602017L,1
2017/05/04 03:27:49,E620002L,2
2017/05/04 03:48:40,E620002L,2
2017/05/04 03:58:16,E620002L,2
2017/05/04 06:27:46,E620002L,1
2017/05/04 07:11:23,E620002L,1
2017/05/04 07:24:34,E620002L,1
2017/05/04 08:07:58,E620002L,2
2017/05/04 08:50:28,E620002L,1
2017/05/04 09:08:47,E550660L,1
2017/05/04 09:10:38,E620002L,1
2017/05/04 09:26:29,E620002L,4
2017/05/04 09:34:33,E620002L,1
2017/05/04 09:39:02,E620002L,1
2017/05/04 13:03:35,E620002L,2
2017/05/04 13:05:58,E620002L,1
2017/05/04 14:47:03,E550610L,1
2017/05/04 15:22:05,E630224L,1
2017/05/04 15:23:53,E620003L,1
2017/05/04 15:23:53,E620029L,1
2017/05/04 15:24:02,E601043L,1
2017/05/04 15:33:47,E630224L,1
2017/05/04 15:47:05,E630224L,1
2017/05/04 15:47:27,E620002L,1
2017/05/04 16:05:59,E620002L,1
2017/05/04 16:13:08,E620002L,1
2017/05/04 16:17:27,E620002L,1
2017/05/04 18:26:08,E620003L,1
2017/05/04 18:26:11,E620029L,1
2017/05/04 18:29:36,E601043L,1
2017/05/04 19:02:13,E620002L,1
2017/05/04 19:20:24,E620002L,1
2017/05/04 19:25:17,E620002L,1
2017/05/04 19:38:38,E620002L,1
2017/05/04 21:18:56,E602017L,1
2017/05/04 21:19:10,E620002L,1
2017/05/04 22:05:32,E779404L,1
2017/05/04 22:48:30,E620002L,2
2017/05/04 22:53:40,E630221L,1
2017/05/04 22:53:41,E601043L,1
2017/05/04 22:53:42,E851079L,1
2017/05/04 22:54:04,E620002L,1
2017/05/04 23:02:23,E630221L,4
2017/05/04 23:06:30,E620002L,1
2017/05/05 05:00:59,E620002L,1
2017/05/05 05:42:01,E550630L,2
2017/05/05 06:04:10,E550650L,1
2017/05/05 06:05:52,E620002L,2
2017/05/05 06:07:54,E620002L,2
2017/05/05 06:13:36,E550650L,1
2017/05/05 06:56:01,E550650L,2
2017/05/05 07:00:09,E620002L,2
2017/05/05 07:14:27,E610038L,1
2017/05/05 07:18:11,E620002L,2
2017/05/05 08:45:51,E620002L,1
2017/05/05 15:05:12,E610030L,2
2017/05/05 15:09:57,E620002L,1
2017/05/05 15:11:59,E610030L,1
2017/05/05 15:13:15,E620002L,2
2017/05/05 15:25:43,E610038L,1
2017/05/05 15:26:12,E620002L,1
2017/05/05 17:00:56,E620002L,1
2017/05/05 17:12:38,E620002L,1
2017/05/05 18:36:27,E620002L,4
2017/05/05 18:45:50,E620002L,2
2017/05/05 18:49:10,E620002L,2
2017/05/05 22:18:28,E620002L,1
2017/05/05 22:23:10,E620002L,1
2017/05/05 22:36:23,E620002L,1
2017/05/05 23:12:58,E620002L,1
2017/05/05 23:47:58,E620002L,1
2017/05/06 00:52:00,E620002L,2
2017/05/06 01:46:45,E620002L,3
2017/05/06 01:50:19,E620002L,3
2017/05/06 04:35:31,E620002L,1
2017/05/06 04:44:32,E620002L,1
2017/05/06 04:47:03,E620002L,1
2017/05/06 05:47:53,E620002L,1
2017/05/06 07:25:10,E620002L,1
2017/05/06 07:30:58,E620002L,2
2017/05/06 18:28:05,E620002L,1
2017/05/06 18:46:22,E620002L,1
2017/05/07 06:18:29,E630224L,1
2017/05/08 08:57:26,E620002L,1
2017/05/08 18:58:05,E630227L,1
2017/05/08 19:41:31,E630227L,1
2017/05/08 19:44:59,E630224L,1
2017/05/08 19:45:47,E620002L,2
2017/05/08 20:12:51,E620002L,1
2017/05/08 20:16:25,E620002L,2
2017/05/08 20:23:30,E620002L,1
2017/05/08 20:59:50,E610030L,1
2017/05/08 21:17:51,E610030L,1
2017/05/08 21:34:17,E610030L,1
2017/05/08 22:17:09,E610030L,1
2017/05/09 01:59:58,E602017L,1
2017/05/09 02:00:41,E620002L,2
2017/05/09 02:37:33,E601043L,1
2017/05/09 02:37:34,E620029L,1
2017/05/09 02:37:44,E620002L,2
2017/05/09 13:56:49,E620002L,1
2017/05/09 14:00:37,E620002L,1
2017/05/09 14:18:35,E620002L,5
2017/05/09 14:24:37,E620002L,2
2017/05/09 15:37:40,E620002L,7
2017/05/09 15:40:05,E620002L,7
2017/05/09 15:44:41,E620002L,3
2017/05/09 16:04:31,E620002L,2
2017/05/09 16:11:33,E620002L,2
2017/05/09 16:13:59,E620002L,1
2017/05/09 16:26:54,E620002L,1
2017/05/09 16:30:36,E620002L,1
2017/05/09 16:48:15,E630222L,1
2017/05/09 17:08:52,E610030L,2
2017/05/09 17:14:37,E610030L,2
2017/05/09 17:14:51,E620002L,1
2017/05/09 17:18:17,E620003L,1
2017/05/09 17:18:18,E620029L,1
2017/05/09 17:23:27,E610030L,2
2017/05/09 17:30:23,E610030L,1
2017/05/09 17:34:41,E620002L,1
2017/05/09 17:37:52,E610030L,1
2017/05/09 17:38:47,E620002L,1
2017/05/09 17:45:39,E601043L,1
2017/05/09 17:48:43,E610030L,2
2017/05/09 17:55:04,E610030L,1
2017/05/09 18:06:46,E620002L,1
2017/05/09 19:26:46,E620002L,1
2017/05/09 19:35:40,E620002L,1
2017/05/09 19:58:16,E620002L,1
2017/05/09 21:02:09,E620002L,2
2017/05/09 21:11:41,E620002L,1
2017/05/09 21:14:00,E620002L,1
2017/05/09 21:59:27,E620002L,1
2017/05/09 22:11:26,E620002L,1
2017/05/09 23:45:54,E620002L,1
2017/05/09 23:50:27,E620002L,2
2017/05/09 23:58:55,E620002L,3
2017/05/10 00:01:03,E620002L,2
2017/05/10 00:14:26,E620002L,2
2017/05/10 01:43:54,E620003L,1
2017/05/10 01:43:54,E620029L,1
2017/05/10 01:44:36,E550903L,1
2017/05/10 03:47:46,E602017L,1
2017/05/10 03:48:23,E620002L,2
2017/05/10 04:03:45,E620002L,1
2017/05/10 04:11:10,E620002L,4
2017/05/10 04:13:37,E620002L,1
2017/05/10 05:14:46,E620002L,1
2017/05/10 05:21:14,E620002L,4
2017/05/10 05:23:19,E620002L,2
2017/05/10 06:06:12,E620002L,2
2017/05/10 07:01:13,E620002L,3
2017/05/10 07:03:41,E620002L,2
2017/05/10 07:11:05,E620002L,3
2017/05/10 07:14:52,E620002L,4
2017/05/10 09:03:00,E620002L,1
2017/05/10 09:20:37,E620002L,1
2017/05/10 10:52:44,E630222L,1
2017/05/10 11:50:59,E620002L,1
2017/05/10 11:56:38,E630222L,1
2017/05/10 11:57:29,E630236L,1
2017/05/10 12:20:20,E620002L,1
2017/05/10 13:47:41,E620002L,1
2017/05/10 14:00:52,E620002L,2
2017/05/10 14:38:49,E630267L,1
2017/05/10 14:41:36,E630235L,1
2017/05/10 16:19:02,E620002L,2
2017/05/10 19:02:18,E620003L,1
2017/05/10 19:02:18,E620029L,1
2017/05/10 19:03:14,E600017L,1
2017/05/10 19:04:16,E620002L,1
2017/05/11 01:32:38,E620002L,1
2017/05/11 01:35:50,E620002L,1
2017/05/11 01:51:40,E620003L,1
2017/05/11 01:51:40,E620029L,1
2017/05/11 01:53:15,E601043L,1
2017/05/11 02:00:48,E620002L,1
2017/05/11 04:04:02,E620002L,1
2017/05/11 04:26:22,E620002L,2
2017/05/11 05:04:47,E620003L,1
2017/05/11 05:04:48,E620029L,1
2017/05/11 05:06:05,E601043L,1
2017/05/11 05:11:37,E620002L,2
2017/05/11 06:43:40,E620002L,1
2017/05/11 06:47:01,E620002L,1
2017/05/11 06:49:58,E620002L,4
2017/05/11 06:54:55,E620002L,3
2017/05/11 07:01:05,E620002L,1
2017/05/11 14:09:39,E620002L,1
2017/05/11 14:12:46,E620002L,1
2017/05/12 04:36:56,E620002L,1
2017/05/12 06:06:15,E620002L,2
2017/05/12 06:09:21,E620002L,1
2017/05/12 06:11:45,E620002L,1
2017/05/12 06:14:03,E620003L,1
2017/05/12 06:14:04,E620029L,1
2017/05/12 06:14:10,E620002L,3
2017/05/12 06:17:22,E620002L,1
2017/05/12 14:27:17,E620003L,1
2017/05/12 14:27:21,E620029L,1
2017/05/12 14:28:41,E601043L,1
2017/05/12 14:29:03,E620002L,2
2017/05/12 14:31:42,E630224L,1
2017/05/12 14:31:58,E620002L,1
2017/05/12 15:07:08,E620002L,3
2017/05/12 15:09:40,E620002L,2
2017/05/12 15:14:19,E620002L,5
2017/05/12 15:16:32,E620002L,2
2017/05/12 16:28:08,E620002L,1
2017/05/12 16:42:20,E620002L,2
2017/05/12 17:11:22,E620002L,2
2017/05/12 17:14:32,E620002L,1
2017/05/12 17:49:39,E620002L,2
2017/05/12 17:51:34,E620003L,1
2017/05/12 17:51:34,E620029L,1
2017/05/12 17:52:54,E550903L,1
2017/05/12 17:56:46,E620002L,1
2017/05/12 18:03:59,E620002L,3
2017/05/12 18:26:53,E620002L,1
2017/05/12 20:01:39,E620002L,1
2017/05/12 20:04:26,E620002L,1
2017/05/12 20:50:00,E620002L,2
2017/05/12 20:55:14,E620002L,2
2017/05/12 20:59:07,E620002L,2
2017/05/12 21:02:26,E620002L,3
2017/05/12 21:47:00,E630235L,1
2017/05/12 22:03:32,E620002L,1
2017/05/12 22:05:56,E620002L,1
2017/05/13 02:57:42,E620002L,1
2017/05/13 05:28:18,E620002L,1
2017/05/13 05:31:21,E620002L,1
2017/05/13 05:35:33,E620002L,2
2017/05/13 05:44:04,E620002L,2
2017/05/13 05:48:26,E630224L,1
2017/05/13 05:48:35,E620002L,2
2017/05/13 13:47:49,E610024L,1
2017/05/13 13:48:09,E620002L,1
2017/05/13 15:29:16,E550660L,1
2017/05/13 15:30:01,E620002L,1
2017/05/13 15:44:27,E550660L,1
2017/05/13 16:13:09,E630224L,1
2017/05/13 16:26:30,E620002L,1
2017/05/13 16:37:02,E550660L,1
2017/05/13 17:07:19,E620002L,1
2017/05/13 18:39:43,E620003L,1
2017/05/13 18:39:46,E620029L,1
2017/05/13 18:39:53,E601043L,1
2017/05/13 18:41:36,E620002L,3
2017/05/13 19:01:15,E620002L,2
2017/05/13 19:16:51,E620002L,2
2017/05/13 19:21:31,E620002L,1
2017/05/13 19:28:32,E630224L,1
2017/05/13 19:32:02,E620002L,1
2017/05/13 21:21:35,E750000L,1
2017/05/13 21:26:36,E620002L,1
2017/05/13 22:03:46,E620002L,1
2017/05/13 23:10:12,E630261L,1
2017/05/13 23:54:02,E620002L,1
2017/05/14 01:19:23,E620002L,1
2017/05/14 03:23:31,E620003L,1
2017/05/14 03:23:34,E620029L,1
2017/05/14 03:23:35,E601043L,1
2017/05/14 03:23:43,E620002L,1
2017/05/14 03:50:40,E620002L,1
2017/05/14 03:57:00,E620002L,2
2017/05/14 04:00:26,E620002L,4
2017/05/14 04:03:04,E620002L,2
2017/05/14 04:06:31,E620002L,3
2017/05/14 04:10:03,E620002L,1
2017/05/15 08:43:12,E620002L,2
2017/05/15 12:08:43,E620002L,4
2017/05/15 12:11:10,E620002L,2
2017/05/15 15:29:01,E620002L,2
2017/05/15 15:35:49,E620002L,1
2017/05/15 16:02:27,E620002L,1
2017/05/15 16:04:51,E620002L,1
2017/05/15 19:51:02,E610085L,1
2017/05/15 19:52:15,E620002L,2
2017/05/15 19:55:19,E620002L,1
2017/05/15 19:58:59,E620002L,1
2017/05/15 20:06:39,E610030L,2
2017/05/15 20:07:24,E620002L,1
2017/05/15 22:20:43,E620002L,2
2017/05/16 06:39:27,E620002L,1
2017/05/16 06:45:09,E620002L,1
2017/05/16 07:08:16,E601043L,1
2017/05/16 07:08:16,E620029L,1
2017/05/16 07:08:58,E620002L,2
2017/05/16 07:19:21,E620003L,1
2017/05/16 07:19:24,E620029L,1
2017/05/16 07:20:24,E601043L,1
2017/05/16 07:21:11,E620002L,2
2017/05/16 07:37:18,E620002L,1
2017/05/16 07:44:53,E620002L,2
2017/05/16 08:13:57,E620002L,1
2017/05/16 08:32:35,E620003L,1
2017/05/16 08:32:35,E620029L,1
2017/05/16 08:32:40,E601043L,1
2017/05/16 12:58:47,E620002L,2
2017/05/16 13:01:34,E620002L,1
2017/05/16 13:05:11,E620002L,1
2017/05/16 14:02:34,E630224L,1
2017/05/16 15:47:33,E602017L,1
2017/05/16 15:49:39,E620002L,1
2017/05/17 04:46:42,E851213L,1
2017/05/17 04:49:50,E620002L,1
2017/05/17 05:50:42,E620003L,1
2017/05/17 05:50:43,E620029L,1
2017/05/17 05:51:18,E601043L,1
2017/05/17 05:51:50,E620002L,1
2017/05/17 07:32:43,E620002L,1
2017/05/17 07:59:20,E620002L,1
2017/05/17 08:13:34,E620002L,1
2017/05/17 09:11:12,E620002L,1
2017/05/17 09:13:13,E620002L,2
2017/05/17 09:20:54,E630222L,1
2017/05/17 09:39:18,E620002L,1
2017/05/17 10:09:49,E620002L,1
2017/05/17 10:26:44,E620002L,1
2017/05/17 10:38:26,E630236L,1
2017/05/17 10:50:45,E630236L,1
2017/05/17 11:27:58,E620002L,1
2017/05/17 12:48:47,E620002L,1
2017/05/17 13:01:42,E630224L,1
2017/05/17 13:01:57,E620002L,1
2017/05/17 13:10:07,E620002L,2
2017/05/17 13:12:18,E620002L,2
2017/05/17 13:19:50,E620002L,1
2017/05/17 13:22:40,E620002L,2
2017/05/17 18:16:42,E620002L,4
2017/05/17 18:27:09,E620002L,1
2017/05/17 18:37:42,E620002L,1
2017/05/17 20:04:51,E620003L,1
2017/05/17 20:04:51,E620029L,1
2017/05/17 20:04:59,E601043L,1
2017/05/17 22:02:51,E620002L,1
2017/05/18 00:06:30,E550620L,1
2017/05/18 00:17:01,E550620L,2
2017/05/18 00:20:30,E610038L,1
2017/05/18 00:23:44,E620002L,1
2017/05/18 00:28:06,E620002L,2
2017/05/18 00:50:59,E620002L,1
2017/05/18 00:53:26,E620002L,2
2017/05/18 02:16:23,E620002L,2
2017/05/18 02:20:03,E620002L,4
2017/05/18 02:23:13,E620002L,2
2017/05/18 03:43:48,E620002L,1
2017/05/18 04:22:09,E620002L,1
2017/05/18 04:26:45,E620002L,1
2017/05/18 04:28:58,E620002L,2
2017/05/18 04:34:02,E620003L,1
2017/05/18 04:34:05,E620029L,1
2017/05/18 04:34:15,E601043L,1
2017/05/18 04:34:40,E620002L,2
2017/05/18 04:42:25,E630222L,1
2017/05/18 04:59:59,E630224L,3
2017/05/18 05:34:52,E620002L,1
2017/05/18 05:57:40,E620002L,4
2017/05/18 06:05:09,E620002L,1
2017/05/18 06:08:19,E620002L,1
2017/05/18 09:05:58,E620002L,2
2017/05/18 09:08:16,E620002L,1
2017/05/18 09:46:25,E630224L,1
2017/05/18 11:27:44,E620002L,1
2017/05/18 11:42:58,E620002L,2
2017/05/18 12:00:19,E620029L,1
2017/05/18 12:01:11,E601043L,1
2017/05/18 12:01:17,E620002L,2
2017/05/18 12:03:39,E620002L,1
2017/05/18 13:37:10,E620003L,1
2017/05/18 13:37:10,E620029L,1
2017/05/18 14:11:07,E620002L,1
2017/05/18 17:35:19,E620003L,1
2017/05/18 17:35:20,E620029L,1
2017/05/18 17:36:30,E550903L,1
2017/05/18 17:50:44,E630224L,1
2017/05/18 17:51:06,E620002L,1
2017/05/18 21:27:04,E600017L,1
2017/05/18 21:32:01,E620002L,1
2017/05/19 00:14:09,E620002L,1
2017/05/19 01:48:13,E620002L,1
2017/05/19 01:57:21,E620002L,2
2017/05/19 02:06:18,E620002L,1
2017/05/19 02:10:45,E620002L,4
2017/05/19 02:16:50,E620002L,1
2017/05/19 02:18:52,E620002L,4
2017/05/19 02:52:55,E620002L,2
2017/05/19 03:43:20,E620002L,1
2017/05/19 06:28:09,E620002L,1
2017/05/19 06:32:02,E620002L,1
2017/05/19 06:55:51,E620002L,2
2017/05/19 06:57:59,E620002L,1
2017/05/19 07:23:22,E602017L,1
2017/05/19 07:44:23,E602017L,2
2017/05/19 07:48:58,E620002L,1
2017/05/19 08:12:10,E602017L,1
2017/05/19 11:09:42,E630227L,1
2017/05/19 12:26:58,E620003L,1
2017/05/19 12:26:59,E620029L,1
2017/05/19 12:27:18,E601043L,1
2017/05/19 16:41:30,E630227L,1
2017/05/19 16:46:34,E620002L,1
2017/05/19 17:53:05,E630237L,1
2017/05/20 11:34:34,E602017L,1
2017/05/20 15:15:53,E620002L,1
2017/05/20 16:28:43,E620003L,1
2017/05/20 16:28:43,E620029L,1
2017/05/20 16:28:50,E550903L,1
2017/05/20 16:41:59,E620003L,2
2017/05/20 16:41:59,E620029L,2
2017/05/20 16:43:16,E601043L,1
2017/05/20 18:13:04,E620002L,1
2017/05/20 18:47:06,E620002L,1
2017/05/20 19:21:31,E620002L,1
2017/05/20 19:28:32,E620002L,1
2017/05/20 20:41:05,E851214L,1
2017/05/20 21:10:11,E602017L,1
2017/05/20 21:10:43,E620002L,2
2017/05/20 21:16:41,E750000L,1
2017/05/20 21:20:31,E620002L,1
2017/05/20 23:04:30,E630222L,1
2017/05/20 23:26:25,E620002L,1
2017/05/21 00:02:08,E602017L,1
2017/05/21 00:02:11,E851079L,1
2017/05/21 00:03:37,E620002L,3
2017/05/21 03:41:22,E620002L,1
2017/05/21 03:50:18,E620002L,2
2017/05/22 08:47:39,E620002L,1
2017/05/22 09:41:58,E620002L,1
2017/05/22 09:45:51,E620002L,2
2017/05/22 18:23:19,E620002L,1
2017/05/22 18:25:38,E620002L,1
2017/05/22 19:02:20,E630224L,1
2017/05/22 19:02:21,E851079L,1
2017/05/23 01:22:43,E620003L,1
2017/05/23 01:22:44,E620029L,1
2017/05/23 01:23:02,E601043L,1
2017/05/23 10:41:27,E620003L,1
2017/05/23 10:41:28,E620029L,1
2017/05/23 10:41:34,E550903L,1
2017/05/23 11:54:55,E620002L,1
2017/05/23 11:57:12,E620002L,1
2017/05/23 14:11:24,E620002L,1
2017/05/23 15:14:37,E620003L,1
2017/05/23 15:14:37,E620029L,2
2017/05/23 15:15:41,E550903L,2
2017/05/23 15:17:14,E620003L,1
2017/05/23 15:51:43,E620002L,2
2017/05/23 17:15:22,E620002L,1
2017/05/23 17:35:39,E620002L,1
2017/05/23 18:09:33,E630224L,1
2017/05/23 18:09:36,E851079L,1
2017/05/23 18:20:42,E620003L,1
2017/05/23 18:20:42,E620029L,1
2017/05/23 18:22:25,E601043L,1
2017/05/23 20:07:00,E630223L,1
2017/05/23 20:29:30,E620002L,1
2017/05/23 21:27:15,E630227L,1
2017/05/23 23:48:18,E602017L,1
2017/05/23 23:49:07,E620002L,2
2017/05/23 23:52:37,E620002L,1
2017/05/24 01:47:30,E620002L,2
2017/05/24 01:53:47,E620002L,1
2017/05/24 02:02:50,E620002L,2
2017/05/24 09:08:34,E620002L,1
2017/05/24 09:34:48,E620002L,1
2017/05/24 09:51:51,E620002L,1
2017/05/24 09:56:29,E620002L,1
2017/05/24 10:13:16,E620002L,1
2017/05/24 10:19:48,E620002L,1
2017/05/24 10:52:38,E620002L,1
2017/05/24 11:01:18,E620002L,1
2017/05/24 11:09:11,E620002L,1
2017/05/24 11:32:12,E620002L,1
2017/05/25 00:18:06,E779404L,1
2017/05/25 08:35:27,E630224L,1
2017/05/25 08:35:43,E620002L,2
2017/05/25 08:43:20,E620002L,2
2017/05/25 08:47:17,E620002L,2
2017/05/25 10:28:21,E620002L,1
2017/05/25 15:15:59,E620003L,1
2017/05/25 15:16:00,E620029L,1
2017/05/25 15:43:02,E620002L,1
2017/05/25 15:50:01,E620002L,1
2017/05/25 15:52:55,E620002L,1
2017/05/25 17:27:28,E630224L,1
2017/05/25 20:14:15,E620002L,1
2017/05/25 20:20:02,E620002L,2
2017/05/25 21:01:50,E602017L,1
2017/05/26 04:52:00,E620002L,3
2017/05/26 20:50:25,E620002L,3
2017/05/27 04:40:30,E620003L,1
2017/05/27 04:40:31,E620029L,1
2017/05/27 04:40:40,E550903L,1
2017/05/27 04:54:51,E620002L,1
2017/05/31 08:13:27,E620032L,3
2017/05/31 08:30:33,E601190L,1
2017/05/31 08:35:34,E601190L,1
2017/06/01 02:01:01,E620002L,3
2017/06/01 03:58:32,E620002L,1
2017/06/01 13:21:34,E620002L,1
2017/06/01 13:28:46,E620002L,3
2017/06/01 13:31:09,E620002L,1
2017/06/01 13:43:46,E620002L,2
2017/06/02 00:41:34,E630261L,1
2017/06/02 03:09:02,E620003L,1
2017/06/02 03:09:02,E620029L,1
2017/06/02 03:09:13,E601043L,1
2017/06/02 03:14:26,E620002L,2
2017/06/02 03:19:23,E620002L,1
2017/06/02 05:50:54,E602017L,1
2017/06/02 05:52:08,E620002L,1
2017/06/02 05:57:52,E620002L,1
2017/06/02 11:30:57,E630261L,1
2017/06/02 11:30:59,E601043L,1
2017/06/02 11:31:03,E851079L,1
2017/06/02 14:37:42,E620002L,1
2017/06/02 14:39:46,E620002L,1
2017/06/02 14:42:10,E620002L,4
2017/06/03 06:12:16,E602017L,1
2017/06/03 06:13:04,E620002L,1
2017/06/03 09:30:48,E620003L,1
2017/06/03 09:30:48,E620029L,1
2017/06/03 09:30:56,E550903L,1
2017/06/03 09:31:16,E620002L,2
2017/06/03 12:55:55,E620002L,1
2017/06/03 13:05:38,E620002L,2
2017/06/03 20:50:28,E620003L,1
2017/06/03 20:50:28,E620029L,1
2017/06/03 20:50:33,E601043L,1
2017/06/03 21:10:14,E620002L,1
2017/06/03 21:37:05,E620002L,2
2017/06/03 21:42:02,E620002L,2
2017/06/03 21:44:38,E550000L,1
2017/06/03 21:44:38,E620008L,1
2017/06/03 21:45:33,E620002L,1
2017/06/03 21:47:35,E620002L,2
2017/06/03 22:03:51,E602017L,1
2017/06/03 22:25:24,E601043L,1
2017/06/03 22:25:24,E620029L,1
2017/06/03 23:11:54,E620002L,2
2017/06/03 23:14:16,E620002L,1
2017/06/04 00:54:32,E620002L,1
2017/06/04 01:02:09,E620002L,1
2017/06/05 08:44:48,E620002L,2
2017/06/05 10:03:41,E620002L,2
2017/06/05 14:30:45,E620003L,1
2017/06/05 14:30:46,E620029L,1
2017/06/05 14:31:12,E550903L,1
2017/06/05 14:31:53,E620002L,2
2017/06/05 17:18:42,E620002L,1
2017/06/05 17:21:16,E620002L,1
2017/06/05 18:14:29,E620002L,1
2017/06/05 18:22:36,E620002L,2
2017/06/05 18:25:44,E620002L,1
2017/06/06 06:54:31,E630223L,1
2017/06/06 10:44:47,E610060L,1
2017/06/06 10:45:00,E620002L,1
2017/06/06 10:49:38,E620002L,2
2017/06/06 11:16:04,E630222L,2
2017/06/06 11:16:38,E620002L,2
2017/06/06 12:08:25,E620002L,2
2017/06/06 12:11:01,E620002L,2
2017/06/06 16:31:05,E620002L,1
2017/06/06 16:35:20,E620002L,1
2017/06/06 16:37:53,E620002L,3
2017/06/06 16:40:39,E620002L,1
2017/06/06 17:54:17,E620003L,1
2017/06/06 17:54:18,E620029L,1
2017/06/06 17:55:02,E550903L,1
2017/06/06 18:31:03,E620002L,1
2017/06/06 18:34:01,E620002L,2
2017/06/06 18:36:47,E620002L,2
2017/06/06 19:25:32,E620002L,1
2017/06/06 20:34:42,E620003L,1
2017/06/06 20:34:43,E620029L,1
2017/06/06 20:35:57,E550903L,1
2017/06/06 20:41:33,E620002L,1
2017/06/06 22:30:57,E620002L,2
2017/06/06 22:35:12,E620002L,1
2017/06/06 22:45:17,E630264L,1
2017/06/06 23:09:09,E610060L,1
2017/06/06 23:10:25,E620002L,2
2017/06/07 01:00:34,E620002L,1
2017/06/07 01:17:08,E630224L,1
2017/06/07 01:46:12,E630261L,1
2017/06/07 02:39:47,E620002L,1
2017/06/07 03:01:19,E620002L,1
2017/06/07 03:04:40,E620002L,1
2017/06/07 03:33:04,E620002L,1
2017/06/07 06:17:26,E601043L,1
2017/06/07 06:17:26,E620029L,1
2017/06/07 06:30:29,E620002L,1
2017/06/07 06:50:12,E620002L,1
2017/06/07 14:35:56,E630261L,1
2017/06/07 16:19:14,E620002L,1
2017/06/07 16:32:12,E620002L,1
2017/06/07 16:34:16,E620002L,4
2017/06/07 16:36:38,E620002L,2
2017/06/07 16:39:51,E620002L,1
2017/06/07 17:20:09,E620002L,1
2017/06/08 03:41:40,E620002L,1
2017/06/08 08:41:39,E620002L,1
2017/06/08 08:47:19,E620002L,1
2017/06/08 09:13:21,E610053L,1
2017/06/08 09:14:01,E620002L,1
2017/06/08 09:55:29,E620002L,2
2017/06/08 14:28:05,E620003L,1
2017/06/08 14:28:08,E620029L,1
2017/06/08 14:28:52,E601043L,1
2017/06/08 15:08:04,E620003L,1
2017/06/08 15:08:05,E620029L,1
2017/06/08 15:08:33,E550903L,1
2017/06/08 15:29:35,E620002L,1
2017/06/08 15:32:25,E620002L,1
2017/06/08 15:35:28,E620002L,2
2017/06/08 15:47:00,E620002L,1
2017/06/09 05:27:56,E630227L,1
2017/06/09 08:08:14,E620003L,1
2017/06/09 08:08:14,E620029L,1
2017/06/09 08:08:42,E601043L,1
2017/06/09 08:09:30,E620002L,2
2017/06/09 11:53:07,E620002L,2
2017/06/09 12:34:04,E630224L,2
2017/06/09 13:11:44,E620002L,1
2017/06/09 13:16:26,E620002L,2
2017/06/09 13:19:37,E620002L,3
2017/06/09 13:27:08,E620002L,6
2017/06/09 13:44:06,E620002L,1
2017/06/09 13:48:10,E620002L,2
2017/06/09 13:52:59,E620002L,1
2017/06/09 14:56:18,E601043L,1
2017/06/09 14:56:18,E620029L,1
2017/06/09 15:00:04,E620002L,2
2017/06/09 15:20:32,E620002L,1
2017/06/09 22:53:41,E620002L,2
2017/06/09 22:55:51,E620002L,1
2017/06/10 01:22:43,E620002L,2
2017/06/10 04:08:48,E620002L,1
2017/06/10 04:13:28,E620002L,1
2017/06/10 06:22:58,E620002L,1
2017/06/10 06:28:05,E620002L,2
2017/06/10 08:13:48,E620002L,1
2017/06/10 08:17:46,E620002L,1
2017/06/10 10:00:12,E602017L,1
2017/06/10 10:00:14,E851079L,1
2017/06/10 10:00:34,E620002L,1
2017/06/10 10:29:20,E620002L,1
2017/06/10 10:44:54,E630261L,1
2017/06/10 13:30:56,E620002L,2
2017/06/10 17:24:48,E620002L,3
2017/06/10 17:28:05,E620002L,2
2017/06/11 03:00:19,E620002L,2
2017/06/12 08:11:45,E620032L,1
2017/06/12 08:45:25,E620002L,1
2017/06/12 08:48:54,E620002L,1
2017/06/12 09:19:39,E620002L,1
2017/06/12 10:38:17,E620032L,1
2017/06/12 10:59:50,E602017L,2
2017/06/12 11:11:12,E620002L,2
2017/06/12 12:22:17,E620002L,1
2017/06/12 12:30:48,E620002L,1
2017/06/12 12:37:59,E620002L,2
2017/06/12 13:07:01,E620002L,2
2017/06/12 15:02:56,E620002L,5
2017/06/12 15:06:47,E620002L,3
2017/06/12 15:16:32,E620002L,4
2017/06/12 15:19:23,E620002L,2
2017/06/12 16:29:43,E620002L,2
2017/06/12 18:33:54,E601043L,1
2017/06/12 18:33:54,E620029L,1
2017/06/12 18:52:13,E620002L,1
2017/06/12 19:04:30,E630224L,1
2017/06/12 19:04:37,E601043L,1
2017/06/12 19:04:38,E851079L,1
2017/06/13 01:53:12,E620002L,1
2017/06/13 02:05:22,E610051L,1
2017/06/13 02:06:36,E620002L,2
2017/06/13 02:12:07,E620002L,1
2017/06/13 02:51:42,E620002L,1
2017/06/13 03:14:19,E620002L,2
2017/06/13 03:57:49,E620002L,1
2017/06/13 04:16:47,E620002L,2
2017/06/13 04:19:39,E620002L,3
2017/06/13 05:52:33,E620003L,1
2017/06/13 05:52:34,E620029L,1
2017/06/13 05:52:56,E550903L,1
2017/06/13 05:54:34,E620002L,1
2017/06/13 05:56:49,E620002L,1
2017/06/13 06:08:31,E620002L,2
2017/06/13 06:11:31,E620002L,1
2017/06/13 06:22:23,E630261L,2
2017/06/13 06:22:26,E601043L,1
2017/06/13 12:30:47,E620002L,1
2017/06/13 12:44:45,E620002L,1
2017/06/13 13:02:55,E620054L,3
2017/06/13 20:46:07,E620003L,1
2017/06/13 20:46:07,E620029L,1
2017/06/13 20:46:13,E550903L,1
2017/06/14 11:12:48,E620002L,1
2017/06/14 11:53:29,E620002L,1
2017/06/14 12:02:42,E620002L,1
2017/06/14 12:06:01,E620002L,1
2017/06/14 12:09:44,E620002L,3
2017/06/14 12:16:09,E630227L,2
2017/06/14 12:23:44,E630222L,1
2017/06/14 15:48:41,E630236L,1
2017/06/14 16:44:17,E630236L,1
2017/06/14 16:46:23,E620002L,2
2017/06/14 17:12:05,E602017L,1
2017/06/14 17:25:19,E630236L,1
2017/06/14 18:03:13,E620002L,2
2017/06/14 18:06:24,E620002L,2
2017/06/14 18:09:50,E620002L,4
2017/06/14 18:22:12,E620002L,2
2017/06/14 18:31:16,E620002L,3
2017/06/14 18:33:22,E620002L,1
2017/06/14 18:43:24,E620002L,2
2017/06/14 19:16:41,E620002L,4
2017/06/14 19:19:13,E620002L,2
2017/06/14 19:22:10,E620002L,3
2017/06/14 19:25:59,E620002L,4
2017/06/14 19:29:50,E620002L,2
2017/06/14 19:33:52,E620002L,3
2017/06/14 19:38:44,E620002L,6
2017/06/14 19:40:50,E620002L,3
2017/06/14 19:48:10,E620002L,1
2017/06/14 19:52:43,E620002L,6
2017/06/14 19:55:10,E620002L,4
2017/06/14 19:57:15,E620002L,1
2017/06/14 20:00:21,E620002L,2
2017/06/14 20:12:27,E620002L,2
2017/06/14 20:22:10,E630237L,2
2017/06/14 20:24:16,E601043L,1
2017/06/14 20:24:16,E620029L,1
2017/06/14 20:25:34,E620002L,2
2017/06/14 22:46:39,E600017L,1
2017/06/14 22:48:49,E620002L,3
2017/06/14 22:56:02,E620002L,1
2017/06/14 23:26:34,E620002L,2
2017/06/15 02:27:43,E630224L,1
2017/06/15 02:27:44,E601043L,1
2017/06/15 02:27:45,E851079L,1
2017/06/15 02:28:08,E620002L,2
2017/06/15 02:37:01,E620002L,1
2017/06/15 03:38:24,E620002L,1
2017/06/15 03:43:16,E620002L,1
2017/06/15 03:48:48,E620002L,3
2017/06/15 03:51:28,E620002L,8
2017/06/15 08:25:41,E620002L,1
2017/06/15 08:31:09,E620002L,4
2017/06/15 08:54:27,E620002L,3
2017/06/15 08:58:07,E620002L,2
2017/06/15 09:01:33,E620002L,1
2017/06/15 09:11:38,E620002L,1
2017/06/15 09:15:05,E620002L,3
2017/06/15 12:26:50,E620002L,4
2017/06/15 12:31:15,E620002L,3
2017/06/15 12:51:42,E620002L,2
2017/06/15 12:57:10,E620002L,5
2017/06/15 16:17:49,E601043L,1
2017/06/15 16:17:49,E620029L,1
2017/06/15 16:18:41,E620002L,2
2017/06/15 17:17:10,E630224L,1
2017/06/15 17:30:41,E620003L,1
2017/06/15 17:30:42,E620029L,1
2017/06/15 17:31:16,E620002L,2
2017/06/15 17:35:47,E620002L,1
2017/06/15 17:55:31,E630222L,1
2017/06/15 20:25:52,E620003L,1
2017/06/15 20:25:52,E620029L,1
2017/06/15 20:26:27,E550903L,1
2017/06/15 21:04:42,E620002L,2
2017/06/15 21:26:50,E620002L,1
2017/06/15 21:58:47,E620002L,4
2017/06/15 22:01:07,E620002L,1
2017/06/15 23:07:47,E602017L,1
2017/06/15 23:21:10,E620002L,1
2017/06/16 00:28:30,E602017L,1
2017/06/16 00:30:36,E620002L,1
2017/06/16 00:56:04,E630227L,1
2017/06/16 01:40:00,E620002L,1
2017/06/16 02:27:40,E620002L,1
2017/06/16 02:30:06,E620003L,1
2017/06/16 02:30:07,E620029L,1
2017/06/16 02:33:46,E620002L,1
2017/06/16 04:05:10,E620003L,1
2017/06/16 04:05:10,E620029L,1
2017/06/16 04:06:25,E550903L,1
2017/06/16 04:06:37,E620002L,2
2017/06/16 04:20:36,E620002L,1
2017/06/16 04:56:08,E620002L,2
2017/06/16 04:58:48,E620002L,2
2017/06/16 05:07:05,E620002L,1
2017/06/16 07:07:07,E620003L,1
2017/06/16 07:07:07,E620029L,1
2017/06/16 07:07:18,E601043L,1
2017/06/16 07:16:19,E620002L,1
2017/06/16 10:46:58,E620003L,1
2017/06/16 10:46:58,E620029L,1
2017/06/16 10:50:46,E620002L,1
2017/06/16 11:19:23,E610061L,1
2017/06/16 12:20:02,E630235L,1
2017/06/16 12:35:01,E630235L,1
2017/06/16 12:48:09,E630267L,1
2017/06/16 15:32:17,E620002L,1
2017/06/16 15:42:39,E620002L,1
2017/06/16 16:33:08,E620002L,1
2017/06/16 17:25:52,E620002L,1
2017/06/16 17:26:52,E630221L,1
2017/06/16 17:33:39,E630227L,1
2017/06/16 17:39:43,E620003L,1
2017/06/16 17:39:43,E620029L,1
2017/06/16 17:48:43,E630227L,1
2017/06/16 17:49:20,E620002L,1
2017/06/16 18:40:22,E630227L,1
2017/06/16 18:50:23,E630224L,1
2017/06/16 18:50:58,E620002L,1
2017/06/16 19:13:57,E630227L,1
2017/06/16 20:10:18,E602017L,1
2017/06/16 20:13:17,E620002L,1
2017/06/16 20:36:30,E620002L,1
2017/06/16 22:05:15,E620002L,1
2017/06/16 22:09:28,E620002L,2
2017/06/16 22:15:03,E620002L,3
2017/06/16 22:19:36,E620002L,1
2017/06/16 22:30:02,E630261L,1
2017/06/16 23:08:31,E602017L,1
2017/06/16 23:22:48,E601043L,1
2017/06/16 23:22:48,E620029L,1
2017/06/16 23:24:08,E620002L,2
2017/06/17 00:28:29,E620002L,1
2017/06/17 00:34:41,E620002L,2
2017/06/17 00:38:24,E620002L,2
2017/06/17 02:20:30,E620002L,1
2017/06/17 02:24:13,E620002L,1
2017/06/17 02:26:58,E620002L,1
2017/06/17 02:41:41,E620002L,1
2017/06/17 02:46:17,E620002L,4
2017/06/17 02:57:39,E620002L,1
2017/06/17 03:18:30,E620002L,4
2017/06/17 03:20:50,E620002L,4
2017/06/17 03:23:33,E620002L,2
2017/06/17 03:26:28,E620002L,1
2017/06/17 03:28:47,E620002L,1
2017/06/17 03:32:54,E620002L,4
2017/06/17 03:54:10,E620003L,1
2017/06/17 03:54:10,E620029L,1
2017/06/17 03:54:33,E550903L,1
2017/06/17 03:55:28,E620002L,1
2017/06/17 04:01:56,E630261L,1
2017/06/17 07:45:07,E620002L,2
2017/06/17 08:43:32,E620002L,2
2017/06/17 10:00:59,E620003L,1
2017/06/17 10:00:59,E620029L,1
2017/06/17 10:01:13,E550903L,1
2017/06/17 10:01:25,E620002L,1
2017/06/17 10:06:44,E620002L,1
2017/06/17 13:15:21,E601043L,1
2017/06/17 13:15:21,E620029L,1
2017/06/17 17:14:33,E620002L,1
2017/06/17 17:23:33,E620003L,1
2017/06/17 17:23:33,E620029L,1
2017/06/18 04:23:06,E620002L,2
2017/06/18 04:56:44,E620002L,1
2017/06/18 04:59:50,E620002L,1
2017/06/18 05:02:52,E620002L,2
2017/06/19 08:25:01,E620032L,1
2017/06/19 08:41:49,E620002L,1
2017/06/19 10:24:49,E630227L,1
2017/06/19 10:54:57,E630261L,1
2017/06/19 11:00:07,E630261L,1
2017/06/19 12:02:02,E620002L,1
2017/06/19 12:45:52,E630227L,2
2017/06/19 12:51:34,E630227L,1
2017/06/19 13:38:29,E620002L,1
2017/06/19 14:00:34,E630227L,1
2017/06/19 14:30:38,E630227L,1
2017/06/19 15:37:42,E600017L,1
2017/06/19 15:38:00,E620002L,1
2017/06/19 16:56:20,E620002L,1
2017/06/19 17:07:15,E601043L,1
2017/06/19 17:07:15,E620029L,1
2017/06/19 20:17:03,E620002L,1
2017/06/19 20:21:46,E620002L,1
2017/06/19 20:33:43,E630227L,1
2017/06/19 20:43:57,E620002L,2
2017/06/19 20:55:01,E620002L,1
2017/06/19 21:06:24,E620002L,1
2017/06/19 23:10:07,E620002L,2
2017/06/19 23:25:41,E620054L,3
2017/06/19 23:31:18,E620002L,3
2017/06/19 23:33:41,E620002L,3
2017/06/19 23:36:07,E620002L,2
2017/06/19 23:47:56,E620002L,1
2017/06/19 23:51:42,E620054L,4
2017/06/19 23:58:16,E620054L,3
2017/06/20 00:05:50,E620054L,5
2017/06/20 00:28:11,E620002L,1
2017/06/20 09:57:29,E620002L,2
2017/06/20 17:41:55,E630261L,1
2017/06/20 18:16:44,E620002L,3
2017/06/20 18:20:34,E620002L,1
2017/06/20 18:39:54,E620002L,2
2017/06/20 20:18:09,E620002L,5
2017/06/20 20:20:41,E620002L,3
2017/06/20 20:37:03,E620002L,4
2017/06/20 22:34:09,E620002L,2
2017/06/20 23:21:00,E620002L,1
2017/06/20 23:45:50,E620003L,1
2017/06/20 23:45:53,E620029L,1
2017/06/20 23:46:02,E601043L,1
2017/06/21 01:35:56,E620002L,1
2017/06/21 08:12:56,E620002L,1
2017/06/21 08:19:30,E620002L,4
2017/06/21 08:53:52,E630224L,1
2017/06/21 09:58:28,E610038L,1
2017/06/21 09:59:43,E620002L,1
2017/06/21 11:04:21,E620002L,1
2017/06/21 11:10:59,E620002L,1
2017/06/21 11:47:27,E620003L,1
2017/06/21 11:47:27,E620029L,1
2017/06/21 11:48:07,E550903L,1
2017/06/21 21:58:21,E620002L,1
2017/06/21 22:00:47,E620002L,1
2017/06/21 22:49:37,E620002L,1
2017/06/21 23:02:10,E620002L,1
2017/06/21 23:39:29,E620002L,1
2017/06/21 23:50:06,E620002L,2
2017/06/22 01:03:09,E620002L,1
2017/06/22 04:35:08,E620002L,2
2017/06/23 02:17:05,E620002L,1
2017/06/23 02:20:14,E620002L,2
2017/06/23 02:55:19,E602017L,1
2017/06/23 03:10:02,E620002L,1
2017/06/23 03:17:09,E620002L,2
2017/06/23 03:18:35,E620003L,1
2017/06/23 03:18:35,E620029L,1
2017/06/23 03:19:42,E620002L,6
2017/06/23 03:40:22,E620002L,1
2017/06/23 03:45:53,E630221L,1
2017/06/23 03:46:22,E620002L,2
2017/06/23 05:24:20,E620002L,1
2017/06/23 06:34:52,E620002L,1
2017/06/23 06:37:19,E620002L,1
2017/06/23 07:17:51,E620002L,1
2017/06/23 07:25:13,E630224L,1
2017/06/23 07:51:06,E620002L,1
2017/06/23 08:01:12,E620002L,1
2017/06/23 10:32:45,E620002L,6
2017/06/23 11:03:31,E620002L,1
2017/06/23 11:29:58,E620002L,2
2017/06/23 12:12:29,E630224L,1
2017/06/23 12:15:28,E602017L,1
2017/06/23 13:51:24,E630227L,1
2017/06/23 13:56:27,E630224L,1
2017/06/23 13:56:50,E620002L,1
2017/06/23 13:59:20,E620002L,1
2017/06/23 15:57:50,E620002L,1
2017/06/23 16:43:23,E620002L,2
2017/06/23 16:49:54,E620002L,2
2017/06/23 16:52:17,E620002L,3
2017/06/23 16:58:58,E620002L,1
2017/06/23 17:02:27,E620002L,3
2017/06/23 17:06:01,E620002L,1
2017/06/23 18:12:08,E620002L,1
2017/06/23 18:22:48,E620002L,1
2017/06/24 07:04:34,E550640L,1
2017/06/24 07:29:42,E550640L,1
2017/06/24 07:55:59,E620002L,2
2017/06/24 08:00:29,E620002L,1
2017/06/24 08:07:13,E851079L,1
2017/06/24 08:12:39,E620002L,4
2017/06/24 08:14:59,E620002L,4
2017/06/24 12:48:42,E620002L,2
2017/06/24 14:30:16,E620002L,1
2017/06/24 19:43:26,E620002L,1
2017/06/24 19:53:18,E620002L,1
2017/06/24 19:55:52,E620002L,1
2017/06/24 21:12:36,E620003L,1
2017/06/24 21:12:36,E620029L,1
2017/06/24 21:12:45,E601043L,1
2017/06/24 21:13:23,E620002L,1
2017/06/24 23:49:04,E620002L,2
2017/06/24 23:51:52,E620002L,2
2017/06/24 23:54:18,E620002L,3
2017/06/24 23:56:30,E620002L,2
2017/06/25 02:07:20,E620003L,1
2017/06/25 02:07:36,E601043L,1
2017/06/25 02:44:26,E620002L,2
2017/06/25 02:57:56,E620002L,1
2017/06/25 03:00:17,E620002L,2
2017/06/25 03:56:43,E620002L,1
2017/06/25 06:24:49,E620002L,1
2017/06/25 06:43:43,E620002L,3
2017/06/25 06:54:09,E620002L,2
2017/06/25 06:56:54,E620002L,2
2017/06/25 07:30:56,E630222L,1
2017/06/26 08:11:39,E620032L,1
2017/06/26 08:33:50,E620002L,1
2017/06/26 10:59:15,E620002L,1
2017/06/26 11:11:59,E620002L,1
2017/06/26 11:20:57,E620002L,3
2017/06/26 11:23:53,E620002L,4
2017/06/26 11:32:35,E620002L,2
2017/06/26 11:35:37,E620002L,3
2017/06/26 11:45:52,E620002L,1
2017/06/26 11:56:30,E620002L,3
2017/06/26 11:59:02,E620002L,2
2017/06/26 12:02:46,E620002L,1
2017/06/26 12:05:10,E620002L,3
2017/06/26 12:07:15,E620002L,2
2017/06/26 14:07:48,E620002L,1
2017/06/26 14:14:01,E620002L,2
2017/06/26 14:38:09,E620003L,1
2017/06/26 14:38:13,E620029L,1
2017/06/26 14:38:24,E601043L,1
2017/06/26 14:46:04,E620003L,1
2017/06/26 14:46:05,E620029L,1
2017/06/26 14:46:36,E550903L,1
2017/06/26 14:47:22,E620002L,1
2017/06/26 15:38:19,E620002L,2
2017/06/26 15:49:07,E630261L,2
2017/06/26 15:53:47,E620002L,2
2017/06/26 16:05:57,E620002L,1
2017/06/26 16:12:31,E620002L,2
2017/06/26 16:15:47,E620002L,3
2017/06/26 16:18:06,E620002L,3
2017/06/26 16:24:30,E620002L,3
2017/06/26 16:31:55,E620002L,2
2017/06/26 16:44:29,E620002L,2
2017/06/26 17:01:59,E620002L,1
2017/06/26 17:18:36,E620002L,1
2017/06/26 17:29:04,E620002L,1
2017/06/26 17:31:17,E620002L,1
2017/06/26 17:43:29,E630224L,1
2017/06/26 18:05:18,E620002L,1
2017/06/26 18:12:38,E620002L,2
2017/06/26 18:32:15,E620002L,3
2017/06/26 18:36:22,E620002L,2
2017/06/26 18:42:59,E620002L,2
2017/06/27 04:13:35,E620002L,1
2017/06/27 06:12:11,E620002L,1
2017/06/27 06:19:54,E620002L,4
2017/06/27 08:30:03,E620003L,1
2017/06/27 08:30:03,E620029L,1
2017/06/27 08:30:38,E601043L,1
2017/06/27 08:43:48,E620002L,1
2017/06/27 08:46:52,E620002L,3
2017/06/27 08:50:59,E620002L,2
2017/06/27 12:02:44,E620002L,1
2017/06/27 12:09:16,E620002L,3
2017/06/27 13:06:15,E630261L,1
2017/06/27 13:15:57,E630261L,1
2017/06/27 13:21:08,E630261L,1
2017/06/27 13:27:43,E630261L,1
2017/06/27 13:34:30,E630224L,1
2017/06/27 15:03:31,E620002L,1
2017/06/27 15:07:40,E620002L,1
2017/06/27 15:22:40,E630227L,1
2017/06/27 15:41:24,E601043L,1
2017/06/27 15:41:24,E620029L,1
2017/06/27 16:31:11,E620002L,1
2017/06/27 17:42:23,E620002L,1
2017/06/27 18:00:42,E620002L,1
2017/06/27 18:07:50,E620002L,1
2017/06/27 18:29:24,E620002L,1
2017/06/27 18:38:06,E620002L,2
2017/06/27 18:43:47,E620002L,1
2017/06/27 18:49:42,E620003L,1
2017/06/27 18:49:42,E620029L,1
2017/06/27 18:49:46,E620002L,1
2017/06/27 19:27:09,E630224L,1
2017/06/27 19:44:14,E630261L,1
2017/06/27 20:12:05,E620002L,1
2017/06/27 21:02:55,E620002L,3
2017/06/27 21:06:24,E620003L,1
2017/06/27 21:06:24,E620029L,1
2017/06/27 21:06:29,E601043L,1
2017/06/27 21:26:26,E620002L,1
2017/06/27 21:28:33,E620002L,1
2017/06/27 21:31:39,E620002L,1
2017/06/27 21:34:10,E620002L,1
2017/06/27 21:42:02,E620002L,4
2017/06/27 21:44:51,E620002L,1
2017/06/27 21:52:30,E620002L,1
2017/06/27 22:07:13,E620002L,2
2017/06/27 22:13:31,E620002L,2
2017/06/27 22:22:42,E620002L,1
2017/06/27 22:43:58,E620002L,1
2017/06/27 22:48:35,E620002L,4
2017/06/27 22:50:36,E620002L,3
2017/06/27 22:53:33,E620002L,1
2017/06/27 22:56:50,E630264L,1
2017/06/27 22:59:10,E620002L,1
2017/06/27 23:05:27,E620002L,1
2017/06/27 23:08:22,E620002L,1
2017/06/27 23:17:07,E620002L,2
2017/06/27 23:26:41,E620003L,1
2017/06/27 23:26:41,E620029L,1
2017/06/27 23:26:51,E601043L,1
2017/06/27 23:40:36,E620002L,1
2017/06/27 23:53:25,E620002L,1
2017/06/27 23:58:13,E620002L,1
2017/06/28 00:12:20,E620002L,1
2017/06/28 00:20:39,E630221L,1
2017/06/28 00:35:41,E620002L,1
2017/06/28 00:38:02,E620002L,1
2017/06/28 00:41:14,E620002L,1
2017/06/28 01:07:08,E620002L,1
2017/06/28 01:13:21,E620002L,3
2017/06/28 01:17:47,E620002L,2
2017/06/28 03:11:05,E620002L,1
2017/06/28 09:46:55,E620002L,1
2017/06/28 10:06:12,E620002L,1
2017/06/28 10:08:24,E620002L,1
2017/06/28 10:14:46,E630236L,2
2017/06/28 10:19:42,E620002L,2
2017/06/28 10:31:54,E630236L,1
2017/06/28 10:46:21,E620002L,6
2017/06/28 11:21:04,E620002L,2
2017/06/28 11:25:40,E620002L,1
2017/06/28 11:37:57,E620002L,2
2017/06/28 11:41:34,E620002L,2
2017/06/28 11:59:02,E630236L,1
2017/06/28 12:22:48,E620002L,1
2017/06/28 12:46:23,E630261L,1
2017/06/28 13:35:14,E620002L,1
2017/06/28 15:31:54,E602017L,1
2017/06/28 15:32:51,E620002L,3
2017/06/28 15:40:19,E620002L,1
2017/06/28 16:03:30,E620002L,2
2017/06/28 18:15:25,E530024L,1
2017/06/28 18:58:47,E620002L,1
2017/06/28 19:07:45,E620002L,3
2017/06/28 19:11:04,E620002L,2
2017/06/28 19:19:28,E620002L,1
2017/06/28 19:38:50,E620002L,1
2017/06/28 19:58:08,E620002L,1
2017/06/29 07:42:51,E620002L,1
2017/06/29 11:12:06,E620002L,1
2017/06/29 11:25:45,E620002L,1
2017/06/29 11:44:04,E620002L,2
2017/06/29 11:53:21,E620002L,2
2017/06/29 11:59:32,E620002L,1
2017/06/29 12:05:54,E620002L,1
2017/06/29 12:07:55,E620002L,5
2017/06/29 12:10:15,E620002L,2
2017/06/29 12:14:23,E620002L,3
2017/06/29 12:17:13,E620002L,5
2017/06/29 12:19:23,E620002L,3
2017/06/29 12:24:27,E620002L,5
2017/06/29 12:27:19,E620002L,5
2017/06/29 12:29:37,E620002L,4
2017/06/29 12:31:43,E620002L,1
2017/06/29 12:47:13,E602017L,1
2017/06/29 12:50:21,E620003L,1
2017/06/29 12:50:22,E620029L,1
2017/06/29 12:50:37,E601043L,1
2017/06/29 13:17:55,E620002L,1
2017/06/29 13:21:27,E620002L,1
2017/06/29 13:24:48,E620002L,1
2017/06/29 13:26:51,E620002L,2
2017/06/30 17:38:39,E620002L,2
2017/06/30 20:09:54,E620002L,1
2017/06/30 20:19:44,E630227L,3
2017/07/01 00:04:12,E620002L,1
2017/07/01 00:18:52,E620002L,1
2017/07/01 01:16:51,E602017L,1
2017/07/01 01:18:28,E620002L,3
2017/07/01 03:02:26,E620002L,2
2017/07/01 03:15:49,E620002L,2
2017/07/01 03:18:54,E620002L,2
2017/07/01 04:27:23,E602017L,1
2017/07/01 04:30:04,E620002L,1
2017/07/03 08:34:09,E620002L,1
2017/07/03 09:31:49,E620002L,1
2017/07/03 09:56:12,E620002L,1
2017/07/03 10:44:23,E620002L,2
2017/07/03 10:47:58,E620002L,1
2017/07/03 14:10:20,E620002L,1
2017/07/03 14:41:58,E620002L,1
2017/07/03 14:45:08,E620002L,2
2017/07/03 15:48:13,E630261L,2
2017/07/03 16:05:54,E620002L,1
2017/07/03 16:14:50,E620002L,1
2017/07/03 17:36:54,E620002L,1
2017/07/03 17:55:28,E620002L,3
2017/07/03 18:13:42,E620002L,2
2017/07/03 23:04:52,E620002L,2
2017/07/03 23:07:51,E620002L,1
2017/07/04 04:17:02,E620003L,1
2017/07/04 04:17:13,E601043L,1
2017/07/04 04:31:22,E630224L,1
2017/07/04 04:34:29,E602017L,1
2017/07/04 04:35:08,E620002L,1
2017/07/04 04:38:13,E620002L,1
2017/07/04 04:43:22,E620002L,1
2017/07/04 04:47:47,E630222L,1
2017/07/04 05:11:15,E620002L,4
2017/07/04 05:17:32,E620002L,3
2017/07/04 05:44:39,E620002L,2
2017/07/04 05:59:26,E620002L,1
2017/07/04 06:07:25,E620002L,1
2017/07/04 06:36:06,E620002L,1
2017/07/04 07:09:32,E620003L,1
2017/07/04 07:09:32,E620029L,1
2017/07/04 07:09:51,E550903L,1
2017/07/04 07:21:45,E620002L,2
2017/07/04 07:23:58,E620002L,1
2017/07/04 07:43:55,E620003L,1
2017/07/04 07:43:55,E620029L,1
2017/07/04 07:44:43,E601043L,1
2017/07/04 08:38:07,E620002L,1
2017/07/04 08:42:11,E620002L,2
2017/07/04 09:15:12,E851132L,1
2017/07/04 09:49:57,E602017L,1
2017/07/04 10:21:12,E601043L,1
2017/07/04 10:21:13,E620029L,1
2017/07/04 10:45:31,E620002L,1
2017/07/04 10:50:46,E620002L,1
2017/07/04 11:48:03,E630222L,3
2017/07/04 14:56:52,E620002L,1
2017/07/04 14:59:08,E620002L,5
2017/07/04 15:02:35,E620002L,4
2017/07/04 15:07:22,E620002L,1
2017/07/04 15:13:00,E620002L,4
2017/07/04 15:15:03,E620002L,1
2017/07/04 15:31:00,E620002L,1
2017/07/04 15:38:48,E620002L,2
2017/07/04 15:41:55,E620002L,1
2017/07/04 15:44:03,E620002L,1
2017/07/04 15:56:40,E620002L,1
2017/07/04 16:23:33,E620003L,1
2017/07/04 16:23:37,E620029L,1
2017/07/04 16:24:13,E601043L,1
2017/07/04 17:02:40,E620002L,2
2017/07/04 17:16:32,E630227L,1
2017/07/04 17:34:19,E620002L,2
2017/07/04 17:36:23,E620002L,2
2017/07/04 17:41:15,E630224L,1
2017/07/04 17:43:25,E620003L,1
2017/07/04 17:43:25,E620029L,1
2017/07/04 17:45:37,E601043L,1
2017/07/04 17:57:17,E630224L,1
2017/07/04 18:18:53,E620002L,1
2017/07/04 18:50:01,E620002L,2
2017/07/04 18:54:29,E620002L,2
2017/07/04 19:09:10,E630261L,1
2017/07/04 19:09:30,E620002L,1
2017/07/05 03:13:49,E620002L,2
2017/07/05 03:18:46,E620002L,2
2017/07/05 03:27:04,E620002L,2
2017/07/05 07:27:13,E602017L,1
2017/07/05 08:03:31,E620002L,1
2017/07/05 11:16:56,E620002L,5
2017/07/05 11:19:00,E620002L,2
2017/07/05 11:28:37,E620002L,2
2017/07/05 16:34:45,E620002L,2
2017/07/05 18:10:47,E620002L,1
2017/07/05 20:08:46,E620002L,1
2017/07/05 20:33:17,E620002L,2
2017/07/05 20:36:03,E620002L,4
2017/07/05 20:52:07,E620002L,2
2017/07/05 21:03:58,E620002L,2
2017/07/05 21:20:38,E620002L,2
2017/07/05 21:28:50,E620002L,2
2017/07/05 21:31:49,E620002L,3
2017/07/05 21:43:17,E620003L,1
2017/07/05 21:43:18,E620029L,1
2017/07/05 21:43:35,E550903L,1
2017/07/05 21:44:20,E620002L,1
2017/07/06 11:22:12,E602017L,1
2017/07/06 11:22:51,E620002L,4
2017/07/06 11:43:18,E620002L,1
2017/07/06 11:54:36,E620002L,4
2017/07/06 11:57:39,E620002L,2
2017/07/06 13:33:04,E620002L,1
2017/07/06 13:38:11,E620002L,2
2017/07/06 13:49:35,E620002L,1
2017/07/06 15:08:11,E620003L,1
2017/07/06 15:08:14,E620029L,1
2017/07/06 15:09:05,E601043L,1
2017/07/06 16:07:47,E620003L,1
2017/07/06 16:07:47,E620029L,1
2017/07/06 16:09:47,E550903L,1
2017/07/06 16:59:55,E620002L,1
2017/07/06 17:18:48,E620002L,2
2017/07/06 17:27:22,E630237L,1
2017/07/06 17:29:17,E620002L,2
2017/07/06 17:32:19,E620002L,1
2017/07/06 17:40:18,E620002L,2
2017/07/06 20:18:48,E630261L,1
2017/07/06 21:03:58,E620003L,1
2017/07/06 21:03:58,E620029L,1
2017/07/06 21:17:04,E620002L,2
2017/07/06 21:20:29,E620002L,1
2017/07/06 21:23:45,E620002L,2
2017/07/06 21:26:15,E610024L,1
2017/07/06 21:26:29,E620002L,3
2017/07/06 21:28:37,E620002L,1
2017/07/07 01:10:44,E620002L,1
2017/07/07 01:13:31,E620002L,4
2017/07/07 01:20:35,E620002L,1
2017/07/07 01:42:13,E550640L,1
2017/07/07 01:44:51,E610042L,1
2017/07/07 02:21:45,E630224L,1
2017/07/07 02:24:05,E620002L,2
2017/07/07 02:35:47,E550640L,1
2017/07/07 02:39:39,E610024L,2
2017/07/07 02:50:52,E550640L,1
2017/07/07 03:09:22,E550640L,1
2017/07/07 03:11:53,E610024L,1
2017/07/07 03:31:56,E550640L,2
2017/07/07 03:35:32,E620002L,1
2017/07/07 05:58:19,E620002L,1
2017/07/07 06:48:27,E630261L,1
2017/07/07 06:49:26,E630227L,1
2017/07/07 08:54:25,E630224L,1
2017/07/07 09:21:18,E620002L,2
2017/07/07 09:24:13,E620002L,1
2017/07/07 09:31:47,E620002L,4
2017/07/07 09:35:02,E620002L,1
2017/07/07 09:38:23,E610042L,1
2017/07/07 09:50:27,E630224L,1
2017/07/07 09:51:30,E630227L,1
2017/07/07 09:54:17,E620002L,2
2017/07/07 09:54:51,E630222L,1
2017/07/07 10:10:51,E610024L,2
2017/07/07 10:16:06,E620002L,1
2017/07/07 10:22:42,E620002L,1
2017/07/07 10:25:29,E620002L,1
2017/07/07 10:55:15,E620002L,3
2017/07/07 10:57:35,E620002L,1
2017/07/07 11:07:23,E620002L,2
2017/07/07 11:12:56,E620002L,2
2017/07/07 11:14:11,E610024L,1
2017/07/07 11:15:12,E620002L,1
2017/07/07 11:27:06,E620002L,3
2017/07/07 11:29:20,E620002L,4
2017/07/07 12:35:38,E620002L,4
2017/07/07 12:42:12,E620002L,2
2017/07/07 12:44:18,E620002L,5
2017/07/07 13:19:49,E620002L,1
2017/07/07 13:24:47,E620002L,2
2017/07/07 13:34:26,E620002L,2
2017/07/07 14:05:24,E620002L,1
2017/07/07 14:32:42,E620002L,1
2017/07/07 14:40:07,E602017L,1
2017/07/07 14:45:12,E620002L,1
2017/07/07 14:52:48,E620002L,1
2017/07/07 15:23:59,E620002L,1
2017/07/07 15:38:50,E620002L,1
2017/07/07 15:50:32,E620002L,1
2017/07/07 16:00:13,E620002L,1
2017/07/07 16:06:38,E630261L,1
2017/07/07 16:14:37,E620002L,2
2017/07/07 16:22:23,E620002L,1
2017/07/07 17:00:56,E620002L,1
2017/07/07 17:05:47,E620002L,2
2017/07/07 17:26:57,E630224L,1
2017/07/07 17:33:09,E630224L,1
2017/07/07 17:36:11,E620002L,1
2017/07/07 17:38:55,E620002L,1
2017/07/07 17:43:35,E620002L,1
2017/07/07 17:47:41,E620002L,1
2017/07/07 17:53:05,E620002L,1
2017/07/07 17:57:09,E620003L,1
2017/07/07 17:57:10,E620029L,1
2017/07/07 17:58:33,E550903L,1
2017/07/07 17:58:49,E620002L,2
2017/07/07 18:01:46,E550610L,1
2017/07/07 18:04:41,E620002L,1
2017/07/07 19:30:36,E630227L,1
2017/07/07 20:48:46,E630224L,1
2017/07/07 20:59:27,E620002L,2
2017/07/07 22:30:54,E620002L,2
2017/07/07 23:04:04,E620002L,2
2017/07/07 23:29:14,E620002L,4
2017/07/08 01:45:13,E620002L,2
2017/07/08 02:07:38,E620002L,1
2017/07/08 04:46:15,E620029L,1
2017/07/08 04:46:35,E601043L,1
2017/07/08 06:02:38,E602017L,1
2017/07/08 12:56:52,E620002L,5
2017/07/08 13:11:49,E620002L,1
2017/07/08 13:14:08,E620002L,2
2017/07/10 08:18:09,E620032L,1
2017/07/10 08:40:43,E620002L,1
2017/07/10 09:19:22,E620002L,1
2017/07/10 11:32:28,E620002L,2
2017/07/10 12:11:46,E620002L,2
2017/07/10 12:13:56,E620002L,2
2017/07/10 12:32:58,E620002L,2
2017/07/10 12:48:47,E620002L,2
2017/07/10 12:51:39,E620002L,2
2017/07/10 13:21:11,E620002L,1
2017/07/10 13:41:51,E630224L,1
2017/07/10 14:22:48,E620002L,1
2017/07/10 14:32:47,E620002L,2
2017/07/10 14:45:16,E620002L,1
2017/07/10 16:01:10,E630224L,1
2017/07/10 16:07:06,E630224L,2
2017/07/10 16:30:54,E620002L,1
2017/07/10 16:37:13,E620002L,1
2017/07/10 16:50:33,E630261L,1
2017/07/10 17:02:40,E630261L,1
2017/07/10 17:10:57,E630261L,1
2017/07/10 17:21:11,E630261L,1
2017/07/10 17:32:38,E630261L,3
2017/07/10 17:38:00,E630261L,1
2017/07/10 18:32:07,E630261L,1
2017/07/10 19:21:33,E620002L,4
2017/07/10 19:23:40,E620002L,2
2017/07/10 20:02:15,E601043L,1
2017/07/10 20:04:57,E620002L,2
2017/07/10 20:38:11,E620003L,1
2017/07/10 20:38:12,E620029L,1
2017/07/10 20:38:19,E601043L,1
2017/07/10 20:40:11,E620002L,3
2017/07/10 20:42:12,E620002L,3
2017/07/10 21:21:47,E620002L,1
2017/07/10 22:07:21,E620002L,1
2017/07/10 22:23:18,E620002L,2
2017/07/10 22:25:57,E620002L,1
2017/07/10 22:28:19,E620002L,2
2017/07/10 22:30:20,E620002L,1
2017/07/11 08:32:55,E550640L,1
2017/07/11 08:37:23,E620029L,3
2017/07/11 08:37:45,E601043L,1
2017/07/11 08:38:33,E620002L,3
2017/07/11 08:39:08,E610092L,1
2017/07/11 08:41:05,E620002L,2
2017/07/11 08:44:38,E620002L,3
2017/07/11 08:51:38,E620002L,3
2017/07/11 09:30:45,E620002L,1
2017/07/11 09:33:17,E620002L,1
2017/07/11 09:36:54,E620002L,1
2017/07/11 09:39:49,E620002L,3
2017/07/11 09:41:51,E620002L,1
2017/07/11 10:25:12,E620002L,2
2017/07/11 11:00:40,E620002L,1
2017/07/11 12:40:38,E620002L,1
2017/07/11 13:02:42,E620002L,1
2017/07/11 13:05:19,E620002L,1
2017/07/11 13:11:49,E620002L,2
2017/07/11 14:20:38,E602017L,1
2017/07/11 14:24:10,E620002L,2
2017/07/11 14:26:52,E620002L,1
2017/07/11 15:11:17,E620002L,2
2017/07/11 15:13:27,E620002L,6
2017/07/11 15:16:03,E620002L,2
2017/07/11 15:21:58,E610051L,1
2017/07/11 15:22:16,E620002L,1
2017/07/11 15:34:02,E610051L,2
2017/07/11 15:37:28,E620002L,2
2017/07/11 15:39:18,E620029L,1
2017/07/11 15:39:35,E620002L,2
2017/07/11 15:43:48,E620002L,1
2017/07/11 16:09:09,E601043L,1
2017/07/11 16:09:10,E620003L,1
2017/07/11 16:09:11,E620029L,1
2017/07/11 16:58:54,E620003L,1
2017/07/11 16:58:55,E620029L,1
2017/07/11 16:59:42,E601043L,1
2017/07/11 17:15:27,E601043L,1
2017/07/11 17:15:27,E620029L,1
2017/07/11 19:57:12,E620002L,1
2017/07/11 20:02:13,E620002L,2
2017/07/11 20:09:56,E620002L,2
2017/07/11 21:56:01,E620002L,1
2017/07/11 22:10:50,E620002L,1
2017/07/12 02:43:27,E620002L,2
2017/07/12 07:07:13,E620002L,1
2017/07/12 07:14:49,E620002L,1
2017/07/12 07:19:15,E620002L,4
2017/07/12 07:21:21,E620002L,2
2017/07/12 07:54:15,E630236L,2
2017/07/12 08:07:11,E630236L,2
2017/07/12 08:32:18,E630236L,1
2017/07/12 08:43:32,E620002L,1
2017/07/12 08:55:48,E620002L,1
2017/07/12 09:00:48,E620002L,2
2017/07/12 09:19:30,E620002L,1
2017/07/12 10:34:34,E620002L,1
2017/07/12 10:44:29,E620002L,2
2017/07/12 19:58:48,E602017L,1
2017/07/12 20:42:32,E620003L,1
2017/07/12 20:42:32,E620029L,1
2017/07/12 20:42:49,E601043L,1
2017/07/12 20:42:55,E620002L,2
2017/07/13 00:54:04,E620003L,1
2017/07/13 00:54:04,E620029L,1
2017/07/13 00:54:30,E550903L,1
2017/07/13 00:56:10,E620002L,1
2017/07/13 07:00:43,E620002L,1
2017/07/13 07:08:48,E620002L,2
2017/07/13 07:36:43,E630261L,1
2017/07/13 07:36:45,E601043L,1
2017/07/13 07:36:47,E851079L,1
2017/07/13 08:20:36,E630227L,2
2017/07/13 08:29:25,E620002L,2
2017/07/13 09:13:03,E620002L,1
2017/07/13 09:24:39,E620002L,1
2017/07/13 09:27:15,E620002L,1
2017/07/13 11:20:56,E550610L,1
2017/07/13 11:34:13,E550610L,1
2017/07/13 11:37:46,E620002L,1
2017/07/13 11:42:28,E620002L,2
2017/07/13 11:54:26,E550610L,1
2017/07/13 12:07:27,E550610L,3
2017/07/13 12:52:16,E550640L,1
2017/07/13 13:10:20,E620002L,1
2017/07/13 16:22:01,E620002L,4
2017/07/13 16:24:40,E620002L,2
2017/07/13 16:27:54,E620002L,1
2017/07/13 17:04:05,E630227L,1
2017/07/13 17:09:00,E630224L,1
2017/07/13 17:17:22,E630227L,1
2017/07/13 17:24:50,E630227L,1
2017/07/13 17:31:37,E620002L,1
2017/07/13 17:39:17,E620002L,2
2017/07/13 19:38:36,E602017L,1
2017/07/13 22:07:35,E620002L,4
2017/07/13 22:11:15,E620002L,1
2017/07/13 23:20:09,E620002L,1
2017/07/13 23:24:23,E620002L,1
2017/07/13 23:30:46,E620002L,3
2017/07/14 01:04:13,E620002L,1
2017/07/14 01:07:15,E620002L,2
2017/07/14 01:36:30,E620002L,1
2017/07/14 01:43:41,E620002L,2
2017/07/14 01:50:37,E620002L,4
2017/07/14 01:54:02,E620002L,2
2017/07/14 02:23:36,E620002L,3
2017/07/14 02:26:28,E620002L,3
2017/07/14 02:30:50,E620002L,1
2017/07/14 02:50:45,E620002L,1
2017/07/14 05:01:22,E630261L,1
2017/07/14 05:15:36,E630261L,2
2017/07/14 08:23:14,E620002L,1
2017/07/14 08:31:27,E620002L,2
2017/07/14 08:34:49,E620002L,1
2017/07/14 10:49:09,E630224L,1
2017/07/14 12:17:58,E620002L,1
2017/07/14 16:51:26,E630227L,1
2017/07/14 16:51:31,E601043L,1
2017/07/14 17:03:42,E620002L,1
2017/07/14 17:13:42,E620002L,3
2017/07/14 17:15:44,E620002L,3
2017/07/14 22:44:24,E620002L,1
2017/07/14 23:54:14,E620002L,1
2017/07/15 00:00:18,E620002L,1
2017/07/15 00:13:25,E620002L,1
2017/07/15 02:55:08,E620002L,1
2017/07/15 03:58:23,E620003L,1
2017/07/15 03:58:23,E620029L,1
2017/07/15 03:59:04,E550903L,1
2017/07/15 04:06:27,E620002L,1
2017/07/15 04:21:07,E620002L,5
2017/07/15 04:23:37,E620002L,4
2017/07/15 04:26:10,E620002L,2
2017/07/15 04:31:57,E620002L,2
2017/07/15 04:51:22,E620002L,1
2017/07/15 05:46:12,E630261L,1
2017/07/15 06:08:00,E620002L,4
2017/07/15 06:22:47,E620002L,1
2017/07/15 06:29:32,E602017L,2
2017/07/15 06:30:53,E620002L,1
2017/07/15 08:25:12,E620002L,1
2017/07/15 09:03:14,E620003L,1
2017/07/15 09:03:14,E620029L,1
2017/07/15 09:03:38,E550903L,1
2017/07/15 09:04:05,E620002L,3
2017/07/15 09:04:39,E600016L,1
2017/07/15 10:33:36,E630224L,1
2017/07/15 10:54:59,E620002L,1
2017/07/15 11:06:04,E620002L,1
2017/07/15 11:25:01,E630224L,1
2017/07/15 12:07:49,E630224L,1
2017/07/15 12:11:21,E630227L,1
2017/07/15 19:10:07,E620003L,1
2017/07/15 19:10:10,E620029L,1
2017/07/15 19:11:26,E601043L,1
2017/07/15 19:12:36,E620002L,1
2017/07/15 19:38:27,E620002L,1
2017/07/15 23:36:37,E620002L,1
2017/07/15 23:47:44,E620002L,1
2017/07/15 23:54:07,E620002L,1
2017/07/16 00:10:06,E620002L,1
2017/07/16 02:52:44,E601043L,1
2017/07/16 02:52:45,E620029L,1
2017/07/16 04:57:15,E620002L,1
2017/07/16 06:16:03,E620003L,1
2017/07/16 06:16:03,E620029L,1
2017/07/16 06:18:04,E601043L,1
2017/07/16 06:18:49,E620002L,1
2017/07/16 06:44:23,E620002L,2
2017/07/16 06:50:31,E620002L,2
2017/07/16 06:54:20,E620002L,2
2017/07/16 07:36:10,E620002L,2
2017/07/16 07:49:54,E620002L,1
2017/07/17 08:50:17,E620002L,1
2017/07/17 08:52:27,E620002L,1
2017/07/17 08:56:28,E620002L,2
2017/07/17 09:00:51,E620002L,3
2017/07/17 09:03:28,E620002L,2
2017/07/17 09:07:02,E620002L,1
2017/07/17 10:13:18,E630264L,1
2017/07/17 11:24:57,E620003L,1
2017/07/17 11:24:58,E620029L,1
2017/07/17 11:25:22,E601043L,1
2017/07/17 11:59:30,E630224L,1
2017/07/17 11:59:44,E620002L,1
2017/07/17 12:50:02,E620002L,1
2017/07/17 13:04:58,E620002L,3
2017/07/17 13:10:14,E620002L,1
2017/07/17 13:50:40,E630224L,1
2017/07/17 16:02:06,E620002L,2
2017/07/17 17:00:25,E610050L,1
2017/07/17 17:05:22,E620002L,1
2017/07/17 17:21:42,E620002L,5
2017/07/17 17:26:05,E620002L,1
2017/07/17 17:49:32,E620002L,2
2017/07/17 17:52:18,E620002L,1
2017/07/17 18:51:51,E620002L,1
2017/07/17 20:10:55,E620003L,1
2017/07/17 20:10:58,E620029L,1
2017/07/17 20:11:58,E601043L,1
2017/07/17 20:12:00,E851079L,1
2017/07/17 20:13:41,E620002L,1
2017/07/17 21:21:02,E620003L,1
2017/07/17 21:21:03,E620029L,1
2017/07/17 21:21:22,E601043L,1
2017/07/17 21:21:38,E620002L,3
2017/07/17 21:43:57,E620002L,1
2017/07/17 21:48:28,E620002L,2
2017/07/17 21:58:24,E620002L,2
2017/07/17 23:58:03,E620002L,1
2017/07/18 00:05:17,E620002L,1
2017/07/18 00:11:14,E620002L,1
2017/07/18 00:16:36,E620002L,1
2017/07/18 00:20:00,E620002L,2
2017/07/18 00:36:27,E620002L,2
2017/07/18 02:17:31,E620002L,1
2017/07/18 02:28:18,E620002L,2
2017/07/18 03:44:38,E630261L,1
2017/07/18 04:16:58,E602017L,1
2017/07/18 04:18:19,E620002L,2
2017/07/18 04:31:05,E620002L,1
2017/07/18 04:34:21,E620002L,3
2017/07/18 07:00:57,E620002L,2
2017/07/18 07:29:21,E620002L,2
2017/07/18 09:07:04,E620002L,1
2017/07/18 09:15:07,E620002L,1
2017/07/18 09:20:26,E620002L,2
2017/07/18 09:32:24,E620002L,1
2017/07/18 09:44:55,E620002L,1
2017/07/18 09:48:34,E620002L,2
2017/07/18 12:28:03,E620002L,1
2017/07/18 13:53:43,E630222L,1
2017/07/18 18:10:46,E620002L,1
2017/07/18 18:24:09,E620002L,2
2017/07/18 20:04:22,E620002L,1
2017/07/18 20:12:37,E620002L,1
2017/07/18 22:27:20,E620003L,1
2017/07/18 22:27:21,E620029L,1
2017/07/18 22:27:38,E601043L,1
2017/07/18 22:29:45,E620002L,6
2017/07/18 22:45:43,E620003L,2
2017/07/18 22:45:43,E620029L,2
2017/07/18 22:45:58,E601043L,1
2017/07/18 22:46:17,E620002L,2
2017/07/18 22:48:47,E620002L,2
2017/07/18 23:01:53,E620002L,1
2017/07/18 23:21:31,E620002L,1
2017/07/18 23:30:00,E620003L,1
2017/07/18 23:30:00,E620029L,1
2017/07/18 23:36:27,E620002L,2
2017/07/19 02:23:37,E620002L,2
2017/07/19 07:08:16,E620002L,1
2017/07/19 07:11:22,E620002L,2
2017/07/19 07:13:45,E620002L,1
2017/07/19 08:15:42,E630227L,1
2017/07/19 09:08:10,E620002L,1
2017/07/19 09:19:21,E620002L,1
2017/07/19 09:36:53,E620002L,3
2017/07/19 10:24:27,E620003L,1
2017/07/19 10:24:28,E620029L,1
2017/07/19 10:24:59,E601043L,1
